ptop1,ptop2,id
.029999999,.029999999,1
0,0,1
.046999998,.046999998,1
0,0,1
.018999999,.018999999,1
0,0,1
0,0,1
.046999998,.046999998,1
.426,.426,2
.257,.257,2
0,0,2
.045000002,.045000002,2
.083999999,.083999999,2
0,0,2
0,0,2
.73699999,.73699999,2
.107,.107,2
.015,.015,2
0,0,2
.147,.147,2
.030999999,.030999999,2
.147,.147,2
.0020000001,.0020000001,2
0,0,2
.147,.147,2
0,0,2
0,0,2
.186,.186,2
.017000001,.017000001,2
0,0,2
0,0,2
0,0,2
.0099999998,.0099999998,3
.28200001,.28200001,3
.028999999,.028999999,3
.037,.037,3
.044,.044,3
.043000001,.043000001,3
.0099999998,.0099999998,3
.021,.021,3
.043000001,.043000001,3
.028999999,.028999999,3
.227,.227,3
.059,.059,3
.039000001,.039000001,3
.021,.021,3
.28200001,.28200001,3
.044,.044,3
.039000001,.039000001,3
.044,.044,3
.043000001,.043000001,3
.033,.033,3
.028999999,.028999999,3
.037,.037,3
.028999999,.028999999,3
.039000001,.039000001,3
.227,.227,3
.227,.227,3
.021,.021,3
.033,.033,3
.033,.033,3
.043000001,.043000001,3
.059,.059,3
.043000001,.043000001,3
.059,.059,3
.28200001,.28200001,3
.021,.021,3
.039000001,.039000001,3
.039000001,.039000001,3
.044,.044,3
.227,.227,3
.039000001,.039000001,3
.043000001,.043000001,3
.227,.227,3
.037,.037,3
.059,.059,3
.0099999998,.0099999998,3
.043000001,.043000001,3
.037,.037,3
.059,.059,3
.037,.037,3
.021,.021,3
.0099999998,.0099999998,3
.044,.044,3
.044,.044,3
.0099999998,.0099999998,3
.033,.033,3
.028999999,.028999999,3
.059,.059,3
.021,.021,3
.28200001,.28200001,3
.033,.033,3
.043000001,.043000001,3
.039000001,.039000001,3
.037,.037,3
.043000001,.043000001,3
.033,.033,3
.021,.021,3
.043000001,.043000001,3
.28200001,.28200001,3
.043000001,.043000001,3
0,0,4
0,0,4
0,0,4
0,0,4
0,0,4
0,0,4
0,0,4
0,0,4
0,0,5
0,0,5
0,0,5
0,0,5
.012,.012,6
.0080000004,.0080000004,6
.012,.012,6
.022,.022,6
.012,.012,6
.0080000004,.0080000004,6
.022,.022,6
.0080000004,.0080000004,6
.012,.012,6
.0080000004,.0080000004,6
.012,.012,6
.022,.022,6
.0080000004,.0080000004,6
.022,.022,6
.012,.012,6
.0080000004,.0080000004,6
.0080000004,.0080000004,6
.022,.022,6
.022,.022,6
.022,.022,6
.012,.012,6
.0080000004,.0080000004,6
.012,.012,6
.022,.022,6
0,0,7
0,0,7
.017999999,.017999999,7
.001,.001,7
.0070000002,.0070000002,7
.001,.001,7
0,0,7
.098999999,.098999999,7
.119,.119,7
.017999999,.017999999,7
.017999999,.017999999,7
.014,.014,7
0,0,7
.0089999996,.0089999996,7
.266,.266,7
.098999999,.098999999,7
.039999999,.039999999,7
0,0,7
0,0,7
0,0,7
0,0,7
0,0,7
0,0,7
0,0,7
.018999999,.018999999,7
0,0,7
0,0,7
0,0,7
.257,.257,7
0,0,7
0,0,7
0,0,7
0,0,7
.001,.001,7
.90700001,.90700001,7
.296,.296,7
0,0,7
0,0,7
0,0,7
0,0,7
0,0,7
0,0,7
.014,.014,7
.039999999,.039999999,7
.0070000002,.0070000002,7
.0070000002,.0070000002,7
.90700001,.90700001,7
.001,.001,7
.001,.001,7
.001,.001,7
0,0,7
.29100001,.29100001,7
0,0,7
0,0,7
.039999999,.039999999,7
.266,.266,7
0,0,7
0,0,7
0,0,7
.0049999999,.0049999999,7
.015,.015,7
0,0,7
0,0,7
.0049999999,.0049999999,7
0,0,7
.098999999,.098999999,7
.027000001,.027000001,7
.014,.014,7
0,0,7
.0060000001,.0060000001,7
0,0,7
.001,.001,7
0,0,7
.0070000002,.0070000002,7
.0089999996,.0089999996,7
.0049999999,.0049999999,7
0,0,7
0,0,7
0,0,7
0,0,7
.015,.015,7
.27200001,.27200001,7
0,0,7
.138,.138,7
.075000003,.075000003,7
.075000003,.075000003,7
0,0,7
.40400001,.40400001,7
0,0,7
.041000001,.041000001,7
.075000003,.075000003,7
0,0,7
0,0,7
.001,.001,7
.041000001,.041000001,7
.0070000002,.0070000002,7
.018999999,.018999999,7
0,0,7
.40400001,.40400001,7
.039999999,.039999999,7
.001,.001,7
0,0,7
0,0,7
.0049999999,.0049999999,7
0,0,7
.29100001,.29100001,7
.0089999996,.0089999996,7
0,0,7
0,0,7
.015,.015,7
.296,.296,7
0,0,7
0,0,7
0,0,7
.041000001,.041000001,7
.014,.014,7
0,0,7
.014,.014,7
0,0,7
0,0,7
.098999999,.098999999,7
.098999999,.098999999,7
.027000001,.027000001,7
0,0,7
.018999999,.018999999,7
.0089999996,.0089999996,7
.059999999,.059999999,7
.138,.138,7
0,0,7
0,0,7
.018999999,.018999999,7
.81400001,.81400001,7
.001,.001,7
0,0,7
0,0,7
.119,.119,7
.81400001,.81400001,7
0,0,7
0,0,7
0,0,7
0,0,7
0,0,7
0,0,7
0,0,7
.015,.015,7
0,0,7
.0070000002,.0070000002,7
.0089999996,.0089999996,7
0,0,7
.119,.119,7
.257,.257,7
0,0,7
.059999999,.059999999,7
.039999999,.039999999,7
.27200001,.27200001,7
.018999999,.018999999,7
0,0,7
.0060000001,.0060000001,7
0,0,8
.001,.001,8
0,0,8
0,0,8
.001,.001,8
.37900001,.37900001,9
.0040000002,.0040000002,9
0,0,9
0,0,9
0,0,9
0,0,9
.0040000002,.0040000002,9
.003,.003,9
.003,.003,9
0,0,9
.0040000002,.0040000002,9
.37900001,.37900001,9
.003,.003,9
.035,.035,9
0,0,9
.0089999996,.0089999996,9
.29899999,.29899999,9
.89899999,.89899999,9
.003,.003,9
.035,.035,9
0,0,9
.0089999996,.0089999996,9
.035,.035,9
.57300001,.57300001,9
.37900001,.37900001,9
.003,.003,9
0,0,9
.29899999,.29899999,9
.003,.003,9
.89899999,.89899999,9
.57300001,.57300001,9
.89899999,.89899999,9
0,0,9
.0040000002,.0040000002,9
.001,.001,9
.0089999996,.0089999996,9
.001,.001,9
.001,.001,9
.29899999,.29899999,9
.0040000002,.0040000002,9
.0040000002,.0040000002,9
.57300001,.57300001,9
.0089999996,.0089999996,10
.0049999999,.0049999999,10
.0089999996,.0089999996,10
.025,.025,10
.0089999996,.0089999996,10
.48500001,.48500001,10
.0089999996,.0089999996,10
.48500001,.48500001,10
.024,.024,10
.025,.025,10
.025,.025,10
.025,.025,10
.48500001,.48500001,10
.53899997,.53899997,10
.025,.025,10
.48500001,.48500001,10
.025,.025,10
.0089999996,.0089999996,10
.024,.024,10
.39399999,.39399999,10
.48500001,.48500001,10
.054000001,.054000001,10
.48500001,.48500001,10
.024,.024,10
.025,.025,10
.48500001,.48500001,10
.025,.025,10
.0089999996,.0089999996,10
.48500001,.48500001,10
.025,.025,10
.025,.025,10
.025,.025,10
.028000001,.028000001,10
.48500001,.48500001,10
.025,.025,10
.024,.024,10
.48500001,.48500001,10
.024,.024,10
.017999999,.017999999,10
.025,.025,10
.0089999996,.0089999996,10
.025,.025,10
.48500001,.48500001,10
.024,.024,10
.024,.024,10
.0089999996,.0089999996,10
.025,.025,10
.58899999,.58899999,10
.0089999996,.0089999996,10
.0040000002,.0040000002,10
.024,.024,10
.025,.025,10
.0089999996,.0089999996,10
.024,.024,10
.025,.025,10
.025,.025,10
.025,.025,10
.903,.903,10
.39300001,.39300001,10
.025,.025,10
.025,.025,10
.001,.001,10
.024,.024,10
.48500001,.48500001,10
.024,.024,10
.024,.024,10
.025,.025,10
.017000001,.017000001,10
.0089999996,.0089999996,10
.0089999996,.0089999996,10
.025,.025,10
.025,.025,10
.0089999996,.0089999996,10
.48500001,.48500001,10
.025,.025,10
.025,.025,10
.024,.024,10
.0089999996,.0089999996,10
.48500001,.48500001,10
.39399999,.39399999,10
0,0,10
.025,.025,10
.48500001,.48500001,10
.024,.024,10
.48500001,.48500001,10
.024,.024,10
.024,.024,10
.0089999996,.0089999996,10
.39300001,.39300001,10
.0089999996,.0089999996,10
.0089999996,.0089999996,10
.48500001,.48500001,10
.024,.024,10
.48500001,.48500001,10
.87900001,.87900001,10
.017999999,.017999999,10
.024,.024,10
.48500001,.48500001,10
.024,.024,10
.024,.024,10
.48500001,.48500001,10
.0089999996,.0089999996,10
.024,.024,10
.024,.024,10
.024,.024,10
.0089999996,.0089999996,10
.017999999,.017999999,10
.044,.044,10
.024,.024,10
.903,.903,10
.0089999996,.0089999996,10
.48500001,.48500001,10
.061999999,.061999999,10
.024,.024,10
.48500001,.48500001,10
.0089999996,.0089999996,10
.024,.024,10
0,0,10
.20200001,.20200001,10
.025,.025,10
.48500001,.48500001,10
.48500001,.48500001,10
.025,.025,10
.0089999996,.0089999996,10
.48500001,.48500001,10
.48500001,.48500001,10
.48500001,.48500001,10
.0089999996,.0089999996,10
.024,.024,10
.0089999996,.0089999996,10
.024,.024,10
.48500001,.48500001,10
.025,.025,10
.0089999996,.0089999996,10
.017000001,.017000001,10
.044,.044,10
.0089999996,.0089999996,10
.025,.025,10
.48500001,.48500001,10
.87900001,.87900001,10
.48500001,.48500001,10
.024,.024,10
.48500001,.48500001,10
.025,.025,10
.025,.025,10
.48500001,.48500001,10
.0089999996,.0089999996,10
.024,.024,10
.024,.024,10
.0089999996,.0089999996,10
.024,.024,10
.48500001,.48500001,10
.53899997,.53899997,10
.0089999996,.0089999996,10
.48500001,.48500001,10
.024,.024,10
.48500001,.48500001,10
.024,.024,10
.025,.025,10
.025,.025,10
.0089999996,.0089999996,10
.48500001,.48500001,10
.0089999996,.0089999996,10
.024,.024,10
.025,.025,10
.025,.025,10
.0089999996,.0089999996,10
.0089999996,.0089999996,10
.58899999,.58899999,10
.0089999996,.0089999996,10
.0089999996,.0089999996,10
.024,.024,10
.0089999996,.0089999996,10
.024,.024,10
.48500001,.48500001,10
.78200001,.78200001,10
.0089999996,.0089999996,10
0,0,11
0,0,11
.176,.176,11
.045000002,.045000002,11
0,0,11
0,0,12
0,0,12
0,0,12
0,0,12
0,0,12
0,0,12
0,0,12
.63599998,.63599998,13
.63599998,.63599998,13
.91600001,.91600001,13
.213,.213,13
.91600001,.91600001,13
.63599998,.63599998,13
.213,.213,13
.213,.213,13
.56800002,.56800002,13
.91600001,.91600001,13
.65499997,.65499997,13
0,0,14
0,0,14
0,0,14
0,0,14
0,0,14
0,0,14
.064999998,.064999998,14
0,0,14
.84399998,.84399998,14
.97399998,.97399998,14
.001,.001,14
.75700003,.75700003,14
.49000001,.49000001,14
0,0,14
.32499999,.32499999,14
.45199999,.45199999,14
0,0,14
.52399999,.52399999,14
0,0,14
0,0,14
.001,.001,14
.046999998,.046999998,14
.26699999,.26699999,14
.2,.2,14
0,0,14
.579,.579,14
.061999999,.061999999,14
0,0,14
.71799999,.71799999,14
.25099999,.25099999,14
0,0,14
0,0,14
.0020000001,.0020000001,14
0,0,14
.13699999,.13699999,14
0,0,14
.69199997,.69199997,14
0,0,14
0,0,14
.389,.389,14
.27700001,.27700001,14
0,0,14
0,0,14
.824,.824,14
.044,.044,14
.124,.124,14
0,0,14
0,0,14
0,0,15
.26699999,.26699999,15
.60100001,.60100001,15
0,0,15
.377,.377,15
.013,.013,15
.011,.011,15
.037,.037,15
.193,.193,15
.104,.104,15
.016000001,.016000001,15
.51300001,.51300001,15
.015,.015,15
.73500001,.73500001,15
.067000002,.067000002,15
0,0,15
.0089999996,.0089999996,15
.017999999,.017999999,15
.083999999,.083999999,15
.36899999,.36899999,15
0,0,15
.079000004,.079000004,15
.001,.001,15
.012,.012,15
.001,.001,15
.011,.011,15
0,0,15
0,0,15
.027000001,.027000001,15
.015,.015,15
.097000003,.097000003,16
.093000002,.093000002,16
.093000002,.093000002,16
.958,.958,16
.097000003,.097000003,16
.958,.958,16
.958,.958,16
.097000003,.097000003,16
.093000002,.093000002,16
.093000002,.093000002,16
.093000002,.093000002,16
.097000003,.097000003,16
.958,.958,16
.958,.958,16
.097000003,.097000003,16
0,0,17
0,0,17
.108,.108,17
0,0,17
.028999999,.028999999,17
0,0,17
0,0,17
0,0,17
.044,.044,17
0,0,17
0,0,17
0,0,17
0,0,17
0,0,17
0,0,17
.003,.003,17
.035,.035,17
0,0,17
0,0,17
.12800001,.12800001,17
0,0,17
.045000002,.045000002,17
.045000002,.045000002,17
0,0,17
.035,.035,17
0,0,17
0,0,17
.033,.033,17
.12800001,.12800001,17
0,0,17
0,0,17
0,0,17
0,0,17
0,0,17
0,0,17
.033,.033,17
0,0,17
.044,.044,17
0,0,17
0,0,17
0,0,18
.229,.229,18
0,0,18
0,0,18
0,0,18
0,0,18
0,0,18
0,0,18
0,0,18
0,0,18
0,0,18
0,0,18
0,0,18
0,0,18
0,0,18
0,0,18
0,0,18
0,0,18
0,0,18
0,0,18
0,0,18
0,0,18
0,0,18
0,0,18
0,0,18
.155,.155,18
0,0,18
0,0,18
0,0,18
0,0,18
0,0,18
0,0,18
.155,.155,18
0,0,18
0,0,18
0,0,18
0,0,18
0,0,18
0,0,18
.229,.229,18
.155,.155,18
0,0,18
0,0,18
0,0,18
0,0,18
.229,.229,18
0,0,18
.155,.155,18
0,0,18
0,0,18
0,0,18
.229,.229,18
.229,.229,18
0,0,18
0,0,18
0,0,18
0,0,18
0,0,18
0,0,18
0,0,18
0,0,18
0,0,18
0,0,18
0,0,18
0,0,18
0,0,18
0,0,18
0,0,18
0,0,18
0,0,18
0,0,18
.155,.155,18
0,0,18
0,0,18
0,0,18
0,0,18
.229,.229,19
.229,.229,19
.011,.011,19
.229,.229,19
.0049999999,.0049999999,19
.011,.011,19
.011,.011,19
.0049999999,.0049999999,19
.001,.001,19
.0049999999,.0049999999,19
.017000001,.017000001,20
0,0,20
0,0,20
.50700003,.50700003,20
.030999999,.030999999,20
0,0,20
.088,.088,20
.41800001,.41800001,20
.65600002,.65600002,20
0,0,20
.26300001,.26300001,20
0,0,20
.38,.38,20
.211,.211,20
0,0,20
.46700001,.46700001,21
.034000002,.034000002,21
0,0,21
.0020000001,.0020000001,21
.0020000001,.0020000001,21
.0040000002,.0040000002,21
0,0,21
.046,.046,21
0,0,21
.003,.003,21
.242,.242,21
.043000001,.043000001,21
.0020000001,.0020000001,21
.07,.07,21
.003,.003,21
.018999999,.018999999,21
.61900002,.61900002,21
.022,.022,21
.456,.456,21
.35100001,.35100001,21
0,0,21
.77899998,.77899998,21
.221,.221,21
0,0,21
.46599999,.46599999,21
.012,.012,21
.034000002,.034000002,21
0,0,21
.015,.015,21
.35100001,.35100001,21
.456,.456,21
.80500001,.80500001,21
.07,.07,21
.221,.221,21
.041999999,.041999999,21
0,0,21
.050999999,.050999999,21
.61900002,.61900002,21
.044,.044,21
.46599999,.46599999,21
.0060000001,.0060000001,21
.456,.456,21
.0020000001,.0020000001,21
.491,.491,21
.02,.02,21
.242,.242,21
.435,.435,21
.046,.046,21
.41,.41,21
.0089999996,.0089999996,21
.044,.044,21
.53899997,.53899997,21
.02,.02,21
0,0,21
.77899998,.77899998,21
.0020000001,.0020000001,22
.0089999996,.0089999996,22
.0020000001,.0020000001,22
.0020000001,.0020000001,22
.017999999,.017999999,22
.0020000001,.0020000001,22
.0089999996,.0089999996,22
.25600001,.25600001,22
.25600001,.25600001,22
.0020000001,.0020000001,22
.25600001,.25600001,22
.0020000001,.0020000001,22
.64399999,.64399999,23
0,0,23
.83200002,.83200002,23
.449,.449,23
.003,.003,23
0,0,23
.116,.116,23
.63099998,.63099998,23
.021,.021,23
.0089999996,.0089999996,23
.206,.206,23
.18000001,.18000001,23
.83200002,.83200002,23
.23899999,.23899999,23
.025,.025,23
.375,.375,23
.103,.103,23
.103,.103,23
.546,.546,23
.414,.414,23
.064000003,.064000003,23
.414,.414,23
.72100002,.72100002,23
.72100002,.72100002,23
.546,.546,23
.90200001,.90200001,23
.0020000001,.0020000001,23
.449,.449,23
.90200001,.90200001,23
.54000002,.54000002,23
.021,.021,23
.75099999,.75099999,23
.003,.003,23
.090999998,.090999998,23
0,0,23
.54000002,.54000002,23
.75099999,.75099999,23
.026000001,.026000001,23
.001,.001,23
.62599999,.62599999,23
.375,.375,23
.18000001,.18000001,23
.64399999,.64399999,23
.001,.001,23
0,0,23
.0020000001,.0020000001,23
.206,.206,23
.026000001,.026000001,23
.23899999,.23899999,23
.081,.081,23
.0089999996,.0089999996,23
.090999998,.090999998,23
0,0,23
.63099998,.63099998,23
.116,.116,23
0,0,23
.081,.081,23
.064000003,.064000003,23
.62599999,.62599999,23
.025,.025,23
.015,.015,24
.0060000001,.0060000001,24
.015,.015,24
.0060000001,.0060000001,24
.0080000004,.0080000004,24
.0020000001,.0020000001,24
.029999999,.029999999,24
.003,.003,24
.0020000001,.0020000001,24
.0080000004,.0080000004,24
.0060000001,.0060000001,24
.0020000001,.0020000001,24
.015,.015,24
.029999999,.029999999,24
.003,.003,24
.0060000001,.0060000001,24
.015,.015,24
.0080000004,.0080000004,24
.0020000001,.0020000001,24
.0060000001,.0060000001,24
.015,.015,24
.0060000001,.0060000001,24
.029999999,.029999999,24
.0080000004,.0080000004,24
.0020000001,.0020000001,24
.0020000001,.0020000001,24
.029999999,.029999999,24
.0060000001,.0060000001,24
.003,.003,24
.0020000001,.0020000001,24
.0020000001,.0020000001,24
.029999999,.029999999,24
.003,.003,24
.0060000001,.0060000001,24
.0060000001,.0060000001,24
.0020000001,.0020000001,24
.0060000001,.0060000001,24
.0080000004,.0080000004,24
.0060000001,.0060000001,24
.0080000004,.0080000004,24
.029999999,.029999999,24
.0060000001,.0060000001,24
.0020000001,.0020000001,24
.015,.015,24
.07,.07,25
0,0,25
.0080000004,.0080000004,25
.0080000004,.0080000004,25
0,0,25
.122,.122,25
.057,.057,25
0,0,25
.012,.012,25
.057,.057,25
.07,.07,25
0,0,25
0,0,25
0,0,25
.012,.012,25
.001,.001,25
.001,.001,25
.199,.199,25
.122,.122,25
0,0,25
0,0,25
.001,.001,26
.001,.001,26
.001,.001,26
.0020000001,.0020000001,26
.0020000001,.0020000001,26
.0020000001,.0020000001,26
0,0,27
0,0,27
0,0,27
0,0,27
0,0,27
0,0,27
0,0,27
0,0,28
0,0,28
0,0,28
0,0,28
0,0,28
0,0,28
0,0,28
0,0,28
0,0,28
0,0,28
0,0,28
0,0,28
.61500001,.61500001,29
.030999999,.030999999,29
0,0,29
.51499999,.51499999,29
.49000001,.49000001,29
.19,.19,29
.41,.41,29
.76999998,.76999998,29
.83200002,.83200002,29
.21600001,.21600001,29
.197,.197,29
.0060000001,.0060000001,29
.068000004,.068000004,29
.49900001,.49900001,29
.82999998,.82999998,29
.58999997,.58999997,29
.63099998,.63099998,29
.001,.001,29
.87400001,.87400001,29
.67500001,.67500001,29
.63099998,.63099998,29
.54100001,.54100001,29
.0080000004,.0080000004,29
.192,.192,29
.80000001,.80000001,29
.030999999,.030999999,29
.736,.736,29
.204,.204,29
.49000001,.49000001,29
.87,.87,29
.017000001,.017000001,29
.53100002,.53100002,29
.093999997,.093999997,29
.85900003,.85900003,29
.403,.403,29
.19599999,.19599999,29
.31299999,.31299999,29
.003,.003,29
.61000001,.61000001,29
.76999998,.76999998,29
.87400001,.87400001,29
.113,.113,29
.61500001,.61500001,29
.77100003,.77100003,29
.736,.736,29
.028000001,.028000001,29
.030999999,.030999999,29
.014,.014,29
.42300001,.42300001,29
.19599999,.19599999,29
.19,.19,29
.243,.243,29
.80000001,.80000001,29
.88099998,.88099998,29
.63099998,.63099998,29
.21600001,.21600001,29
.64099997,.64099997,29
.093999997,.093999997,29
.58999997,.58999997,29
.78100002,.78100002,29
.43799999,.43799999,29
.49000001,.49000001,29
.0089999996,.0089999996,29
.068000004,.068000004,29
.003,.003,29
.082000002,.082000002,29
.65200001,.65200001,29
.79799998,.79799998,29
.028000001,.028000001,29
.56300002,.56300002,29
.87400001,.87400001,29
.58700001,.58700001,29
.41,.41,29
.67500001,.67500001,29
.76999998,.76999998,29
.53500003,.53500003,29
.403,.403,29
.49900001,.49900001,29
.58700001,.58700001,29
.192,.192,29
.003,.003,29
.67500001,.67500001,29
.0060000001,.0060000001,29
.79400003,.79400003,29
.949,.949,29
.42300001,.42300001,29
.017000001,.017000001,29
.55699998,.55699998,29
.113,.113,29
.204,.204,29
.31299999,.31299999,29
.36000001,.36000001,29
.86900002,.86900002,29
.49000001,.49000001,29
.082000002,.082000002,29
.56300002,.56300002,29
.197,.197,29
.65200001,.65200001,29
.003,.003,29
.64099997,.64099997,29
.53500003,.53500003,29
.736,.736,29
.736,.736,29
.55699998,.55699998,29
.030999999,.030999999,29
.51499999,.51499999,29
.0080000004,.0080000004,29
.243,.243,29
.0049999999,.0049999999,29
.001,.001,29
.53100002,.53100002,29
.61000001,.61000001,29
.83200002,.83200002,29
.78100002,.78100002,29
.79799998,.79799998,29
.88099998,.88099998,29
.192,.192,29
.86900002,.86900002,29
.001,.001,29
.192,.192,29
.85900003,.85900003,29
.36000001,.36000001,29
.001,.001,29
.43799999,.43799999,29
.87400001,.87400001,29
.98199999,.98199999,29
.014,.014,29
.208,.208,29
.63099998,.63099998,29
.29800001,.29800001,29
.76999998,.76999998,29
.98199999,.98199999,29
.79400003,.79400003,29
.54100001,.54100001,29
.208,.208,29
.77100003,.77100003,29
.0089999996,.0089999996,29
.949,.949,29
.82999998,.82999998,29
0,0,29
.29800001,.29800001,29
.0049999999,.0049999999,29
.87,.87,29
0,0,30
0,0,30
0,0,30
0,0,30
0,0,30
0,0,30
0,0,30
0,0,30
0,0,30
0,0,30
0,0,30
0,0,30
0,0,30
0,0,30
0,0,30
0,0,30
0,0,30
0,0,30
0,0,30
0,0,30
0,0,30
0,0,30
0,0,30
0,0,30
0,0,30
0,0,30
0,0,30
0,0,30
0,0,30
0,0,30
0,0,30
0,0,30
0,0,30
0,0,30
0,0,30
0,0,30
0,0,30
0,0,30
0,0,30
0,0,30
0,0,30
0,0,30
0,0,30
0,0,30
0,0,30
0,0,30
0,0,30
0,0,30
0,0,30
0,0,30
0,0,30
0,0,30
0,0,30
0,0,30
0,0,30
0,0,30
0,0,30
0,0,30
0,0,30
0,0,30
0,0,30
0,0,30
0,0,30
0,0,30
0,0,30
0,0,30
0,0,30
0,0,30
0,0,30
0,0,30
0,0,30
0,0,30
.58399999,.58399999,31
.0099999998,.0099999998,31
0,0,31
0,0,31
0,0,31
.38100001,.38100001,31
0,0,31
0,0,31
0,0,31
0,0,31
0,0,31
0,0,31
0,0,31
0,0,31
.003,.003,31
0,0,31
.78799999,.78799999,31
.018999999,.018999999,31
.046999998,.046999998,32
.041000001,.041000001,32
.041000001,.041000001,32
.041000001,.041000001,32
.046999998,.046999998,32
.046999998,.046999998,32
.046999998,.046999998,32
.041000001,.041000001,32
.046999998,.046999998,32
.046999998,.046999998,32
.041000001,.041000001,32
.046999998,.046999998,32
.041000001,.041000001,32
.041000001,.041000001,32
.046999998,.046999998,32
.041000001,.041000001,32
.041000001,.041000001,32
.046999998,.046999998,32
.041000001,.041000001,32
.041000001,.041000001,32
.046999998,.046999998,32
.041000001,.041000001,32
.046999998,.046999998,32
.041000001,.041000001,32
.041000001,.041000001,32
.046999998,.046999998,32
.046999998,.046999998,32
.041000001,.041000001,32
.046999998,.046999998,32
.041000001,.041000001,32
.046999998,.046999998,32
.046999998,.046999998,32
.017000001,.017000001,33
.021,.021,33
.22400001,.22400001,33
.546,.546,33
0,0,33
.546,.546,33
.021,.021,33
.017000001,.017000001,33
.23,.23,33
0,0,33
0,0,33
0,0,33
.52899998,.52899998,33
0,0,33
.23,.23,33
0,0,33
.22400001,.22400001,33
.0070000002,.0070000002,33
.52899998,.52899998,33
.024,.024,33
.99800003,.99800003,33
0,0,33
0,0,33
.024,.024,33
0,0,33
0,0,33
.0070000002,.0070000002,33
.0099999998,.0099999998,34
.87,.87,34
0,0,34
.46000001,.46000001,34
0,0,34
.029999999,.029999999,34
0,0,34
.029999999,.029999999,34
0,0,35
.0089999996,.0089999996,35
0,0,35
.003,.003,35
.162,.162,35
.07,.07,35
0,0,35
0,0,35
.0060000001,.0060000001,35
0,0,35
.248,.248,35
.13699999,.13699999,35
0,0,35
0,0,35
0,0,35
.0040000002,.0040000002,35
.34200001,.34200001,35
0,0,35
0,0,35
.56400001,.56400001,35
.033,.033,35
.0049999999,.0049999999,35
.56400001,.56400001,35
.56400001,.56400001,35
.27500001,.27500001,35
0,0,35
.063000001,.063000001,35
.35800001,.35800001,35
.016000001,.016000001,35
.039999999,.039999999,35
.0040000002,.0040000002,35
.059999999,.059999999,35
.0049999999,.0049999999,35
.0049999999,.0049999999,35
.0060000001,.0060000001,35
.061999999,.061999999,35
.34200001,.34200001,35
0,0,35
.81999999,.81999999,35
.34200001,.34200001,35
.061999999,.061999999,35
.016000001,.016000001,35
.016000001,.016000001,35
0,0,35
.063000001,.063000001,35
.0060000001,.0060000001,35
.64099997,.64099997,35
0,0,35
.050999999,.050999999,35
.727,.727,35
.0040000002,.0040000002,35
.059999999,.059999999,35
.22400001,.22400001,35
0,0,35
0,0,35
.81999999,.81999999,35
.063000001,.063000001,35
.107,.107,35
.0089999996,.0089999996,35
0,0,35
0,0,35
0,0,35
.0040000002,.0040000002,35
.035999998,.035999998,35
0,0,35
0,0,35
.73900002,.73900002,35
.13699999,.13699999,35
0,0,35
.0040000002,.0040000002,35
.003,.003,35
.56300002,.56300002,35
.81999999,.81999999,35
.026000001,.026000001,35
.81999999,.81999999,35
.003,.003,35
0,0,35
.059999999,.059999999,35
.34200001,.34200001,35
.061999999,.061999999,35
.56300002,.56300002,35
.0060000001,.0060000001,35
.81999999,.81999999,35
.764,.764,35
.84299999,.84299999,35
.026000001,.026000001,35
.027000001,.027000001,35
.063000001,.063000001,35
.0089999996,.0089999996,35
0,0,35
.22400001,.22400001,35
.059999999,.059999999,35
.063000001,.063000001,35
.93699998,.93699998,35
.032000002,.032000002,35
0,0,35
0,0,35
.003,.003,35
0,0,35
0,0,35
.0060000001,.0060000001,35
.029999999,.029999999,35
.13699999,.13699999,35
.116,.116,35
.0040000002,.0040000002,35
.727,.727,35
0,0,35
.067000002,.067000002,35
.029999999,.029999999,35
.0060000001,.0060000001,35
.003,.003,35
0,0,35
.059999999,.059999999,35
.039999999,.039999999,35
.56300002,.56300002,35
0,0,35
0,0,35
0,0,35
.0040000002,.0040000002,35
.764,.764,35
0,0,35
.029999999,.029999999,35
.727,.727,35
.764,.764,35
.063000001,.063000001,35
.34200001,.34200001,35
.167,.167,35
.22400001,.22400001,35
.0060000001,.0060000001,35
0,0,36
0,0,36
0,0,36
.094999999,.094999999,36
0,0,36
.023,.023,36
0,0,36
0,0,36
0,0,36
0,0,36
0,0,36
0,0,36
.001,.001,36
0,0,36
0,0,36
0,0,36
0,0,36
.001,.001,36
0,0,36
0,0,36
.001,.001,36
0,0,36
.001,.001,37
.67699999,.67699999,37
.72600001,.72600001,37
.69499999,.69499999,37
.089000002,.089000002,37
.001,.001,37
0,0,37
0,0,37
.001,.001,37
.048999999,.048999999,37
.296,.296,37
.048999999,.048999999,37
.046999998,.046999998,37
.62099999,.62099999,37
.76999998,.76999998,37
.001,.001,37
.34999999,.34999999,37
.001,.001,37
.28,.28,37
.102,.102,37
.079000004,.079000004,37
.071000002,.071000002,37
.030999999,.030999999,37
0,0,37
.838,.838,37
0,0,37
.78799999,.78799999,37
.27200001,.27200001,37
.068999998,.068999998,37
.40700001,.40700001,37
.42300001,.42300001,37
.039999999,.039999999,37
.61400002,.61400002,37
.60699999,.60699999,37
.32100001,.32100001,37
.88300002,.88300002,37
.071000002,.071000002,37
.69499999,.69499999,37
.28,.28,37
.68000001,.68000001,37
.52100003,.52100003,37
.99900001,.99900001,37
.88099998,.88099998,37
.0040000002,.0040000002,37
.052000001,.052000001,37
.123,.123,37
.153,.153,37
.123,.123,37
.68000001,.68000001,37
.69300002,.69300002,37
.052000001,.052000001,37
.815,.815,37
.039999999,.039999999,37
0,0,38
0,0,38
0,0,38
.169,.169,39
.31299999,.31299999,39
0,0,39
0,0,39
.266,.266,39
.236,.236,39
.029999999,.029999999,39
.052999999,.052999999,39
0,0,39
.73500001,.73500001,39
.96600002,.96600002,39
0,0,39
0,0,39
0,0,39
0,0,39
0,0,39
0,0,39
0,0,39
0,0,39
.001,.001,39
0,0,39
0,0,39
0,0,39
0,0,39
.61000001,.61000001,39
.046,.046,39
.493,.493,39
0,0,39
0,0,39
.40000001,.40000001,39
0,0,39
0,0,39
.88599998,.88599998,39
0,0,39
0,0,39
0,0,39
.82700002,.82700002,39
.31299999,.31299999,39
.95300001,.95300001,39
.0020000001,.0020000001,39
.73699999,.73699999,39
0,0,39
0,0,39
0,0,39
0,0,39
0,0,39
0,0,39
0,0,39
.043000001,.043000001,40
0,0,40
0,0,40
.088,.088,40
.032000002,.032000002,40
0,0,40
.088,.088,40
0,0,40
.032000002,.032000002,40
0,0,40
0,0,40
.097999997,.097999997,40
.097999997,.097999997,40
.032000002,.032000002,40
.043000001,.043000001,40
.097999997,.097999997,40
0,0,40
.043000001,.043000001,40
0,0,40
.088,.088,40
0,0,40
.00099999993,.00099999993,41
.00099999993,.00099999993,41
.00099999993,.00099999993,41
.00099999993,.00099999993,41
.00099999993,.00099999993,41
.00099999993,.00099999993,41
.00099999993,.00099999993,41
.00099999993,.00099999993,41
.00099999993,.00099999993,41
.60900003,.60900003,41
.00099999993,.00099999993,41
.00099999993,.00099999993,41
.00099999993,.00099999993,41
.00099999993,.00099999993,41
.00099999993,.00099999993,41
.00099999993,.00099999993,41
.60900003,.60900003,41
.60900003,.60900003,41
.00099999993,.00099999993,41
.00099999993,.00099999993,41
.00099999993,.00099999993,41
.00099999993,.00099999993,41
.00099999993,.00099999993,41
.00099999993,.00099999993,41
.60900003,.60900003,41
.00099999993,.00099999993,41
.00099999993,.00099999993,41
.00099999993,.00099999993,41
.00099999993,.00099999993,41
.00099999993,.00099999993,41
.00099999993,.00099999993,41
.60900003,.60900003,41
.00099999993,.00099999993,41
.60900003,.60900003,41
.00099999993,.00099999993,41
.00099999993,.00099999993,41
.00099999993,.00099999993,41
.00099999993,.00099999993,41
.00099999993,.00099999993,41
.00099999993,.00099999993,41
.00099999993,.00099999993,41
.00099999993,.00099999993,41
.0099999998,.0099999998,42
.778,.778,42
.72899997,.72899997,42
.778,.778,42
.0040000002,.0040000002,42
.454,.454,42
.027000001,.027000001,42
.0040000002,.0040000002,42
.72899997,.72899997,42
.027000001,.027000001,42
.0099999998,.0099999998,42
.454,.454,42
.001,.001,43
0,0,43
.003,.003,43
.001,.001,43
0,0,43
.003,.003,43
.026000001,.026000001,44
.026000001,.026000001,44
.015,.015,45
.015,.015,45
.048,.048,45
.23999999,.23999999,45
.23999999,.23999999,45
.048,.048,45
.039999999,.039999999,45
.039999999,.039999999,45
.039999999,.039999999,45
.23999999,.23999999,45
.23999999,.23999999,45
.015,.015,45
.048,.048,45
.039999999,.039999999,45
.048,.048,45
.015,.015,45
0,0,46
0,0,46
0,0,46
0,0,46
0,0,46
0,0,46
.018999999,.018999999,46
0,0,46
0,0,46
0,0,46
0,0,46
0,0,46
0,0,46
.018999999,.018999999,46
0,0,46
0,0,46
.018999999,.018999999,46
0,0,46
.87099999,.87099999,47
0,0,47
.37200001,.37200001,47
0,0,47
0,0,47
0,0,47
0,0,47
.70200002,.70200002,47
.37200001,.37200001,47
.76700002,.76700002,47
0,0,47
0,0,47
0,0,47
0,0,47
0,0,47
0,0,47
0,0,47
0,0,47
0,0,47
.76700002,.76700002,47
.847,.847,47
0,0,47
.37200001,.37200001,47
.92500001,.92500001,47
.227,.227,47
0,0,47
.70200002,.70200002,47
.37200001,.37200001,47
.227,.227,47
0,0,47
0,0,47
.847,.847,47
.87099999,.87099999,47
0,0,47
0,0,47
0,0,47
.37200001,.37200001,47
0,0,47
.30700001,.30700001,47
.0040000002,.0040000002,48
.244,.244,48
.003,.003,48
.012,.012,48
.0040000002,.0040000002,48
.46000001,.46000001,48
.003,.003,48
.148,.148,48
.016000001,.016000001,48
.46000001,.46000001,48
.244,.244,48
.148,.148,48
.044,.044,48
.012,.012,48
.044,.044,48
.016000001,.016000001,48
.017000001,.017000001,49
.032000002,.032000002,49
.048,.048,49
.079000004,.079000004,49
.082000002,.082000002,50
.0049999999,.0049999999,50
0,0,50
.0049999999,.0049999999,50
.059999999,.059999999,50
.117,.117,50
0,0,50
.0020000001,.0020000001,50
.014,.014,50
.059999999,.059999999,50
.0049999999,.0049999999,50
.012,.012,50
.012,.012,50
0,0,50
0,0,50
.059999999,.059999999,50
0,0,50
.012,.012,50
0,0,50
.014,.014,50
0,0,50
.014,.014,50
0,0,50
.0049999999,.0049999999,50
.014,.014,50
.014,.014,50
0,0,50
.117,.117,50
.014,.014,50
.012,.012,50
0,0,50
.024,.024,50
.117,.117,50
.0049999999,.0049999999,50
.014,.014,50
.012,.012,50
.082000002,.082000002,50
.014,.014,50
.012,.012,50
.0049999999,.0049999999,50
0,0,50
.014,.014,50
.059999999,.059999999,50
0,0,50
0,0,50
.012,.012,50
.0049999999,.0049999999,50
.059999999,.059999999,50
.012,.012,50
0,0,50
.082000002,.082000002,50
0,0,50
.014,.014,50
.012,.012,50
.082000002,.082000002,50
.014,.014,50
0,0,50
.0049999999,.0049999999,50
0,0,50
.012,.012,50
.018999999,.018999999,50
.014,.014,50
.014,.014,50
.0049999999,.0049999999,50
.117,.117,50
.059999999,.059999999,50
.0049999999,.0049999999,50
.012,.012,50
.003,.003,50
0,0,50
.117,.117,50
.0049999999,.0049999999,50
.012,.012,50
.014,.014,50
0,0,50
0,0,50
.0049999999,.0049999999,50
0,0,50
.0049999999,.0049999999,50
.0049999999,.0049999999,50
0,0,50
0,0,50
.012,.012,50
.0049999999,.0049999999,50
.0020000001,.0020000001,50
.0049999999,.0049999999,50
.082000002,.082000002,50
.003,.003,50
.082000002,.082000002,50
.082000002,.082000002,50
.012,.012,50
.059999999,.059999999,50
.117,.117,50
.012,.012,50
0,0,50
0,0,50
0,0,50
0,0,50
.117,.117,50
0,0,51
.23800001,.23800001,51
0,0,51
.34400001,.34400001,51
0,0,51
.012,.012,51
.54500002,.54500002,51
.001,.001,51
0,0,51
.30599999,.30599999,51
0,0,51
.64200002,.64200002,51
.075999998,.075999998,51
.25999999,.25999999,51
.015,.015,51
.054000001,.054000001,51
.021,.021,51
.015,.015,51
.014,.014,51
.153,.153,51
0,0,51
.064999998,.064999998,51
.0060000001,.0060000001,51
.017999999,.017999999,51
.02,.02,51
.056000002,.056000002,51
.012,.012,51
0,0,51
0,0,51
.025,.025,51
.012,.012,51
0,0,51
0,0,51
0,0,51
.47299999,.47299999,51
.012,.012,51
.096000001,.096000001,51
.012,.012,51
0,0,51
.13600001,.13600001,51
.041000001,.041000001,51
.001,.001,51
.018999999,.018999999,51
.012,.012,51
.018999999,.018999999,51
.018999999,.018999999,51
.088,.088,51
.056000002,.056000002,52
.0089999996,.0089999996,53
.023,.023,53
.023,.023,53
.023,.023,53
.023,.023,53
.032000002,.032000002,53
.013,.013,53
.0089999996,.0089999996,53
.041000001,.041000001,53
.023,.023,53
.023,.023,53
.041000001,.041000001,53
.023,.023,53
.023,.023,53
.013,.013,53
.032000002,.032000002,53
.96100003,.96100003,54
.17399999,.17399999,54
.63599998,.63599998,54
0,0,54
0,0,54
.37200001,.37200001,54
.59600002,.59600002,54
.001,.001,54
0,0,54
.078000002,.078000002,54
.17399999,.17399999,54
.759,.759,54
.898,.898,54
.0020000001,.0020000001,54
.078000002,.078000002,54
.70200002,.70200002,54
.889,.889,54
.48500001,.48500001,54
.898,.898,54
.0020000001,.0020000001,54
.052000001,.052000001,54
.43000001,.43000001,54
0,0,54
.759,.759,54
0,0,54
.017999999,.017999999,54
.123,.123,54
.43000001,.43000001,54
0,0,54
0,0,54
.67400002,.67400002,54
.37200001,.37200001,54
0,0,54
0,0,54
.759,.759,54
.048999999,.048999999,54
0,0,54
.43000001,.43000001,54
.52100003,.52100003,54
.17399999,.17399999,54
.42300001,.42300001,54
0,0,54
.898,.898,54
.37200001,.37200001,54
.086999997,.086999997,54
.42500001,.42500001,54
.0089999996,.0089999996,54
.58700001,.58700001,54
0,0,54
.090999998,.090999998,54
.001,.001,54
.0089999996,.0089999996,54
.078000002,.078000002,54
.003,.003,54
.146,.146,55
.011,.011,55
.53299999,.53299999,55
0,0,55
0,0,55
0,0,55
0,0,55
.161,.161,55
.95899999,.95899999,55
0,0,55
0,0,55
.94400001,.94400001,55
.47799999,.47799999,55
.022,.022,55
.146,.146,55
0,0,55
0,0,55
.47799999,.47799999,55
.035,.035,55
.59600002,.59600002,55
0,0,55
0,0,55
.14,.14,55
0,0,55
.99000001,.99000001,55
.011,.011,55
.81900001,.81900001,55
0,0,55
.003,.003,55
.045000002,.045000002,55
.222,.222,55
0,0,55
.59600002,.59600002,55
.38999999,.38999999,55
0,0,55
0,0,55
.001,.001,55
0,0,55
.764,.764,55
.74199998,.74199998,55
0,0,55
0,0,55
0,0,55
0,0,55
.28799999,.28799999,55
.29800001,.29800001,55
0,0,55
.028999999,.028999999,55
.072999999,.072999999,55
.045000002,.045000002,55
.41100001,.41100001,55
0,0,55
0,0,55
.102,.102,55
0,0,55
0,0,55
0,0,55
.41100001,.41100001,55
0,0,55
.125,.125,55
.093000002,.093000002,55
0,0,55
.80500001,.80500001,55
.19400001,.19400001,55
.222,.222,55
.022,.022,55
0,0,55
.95899999,.95899999,55
0,0,55
.29800001,.29800001,55
.13699999,.13699999,55
.74699998,.74699998,55
.19400001,.19400001,55
.74699998,.74699998,55
.94400001,.94400001,55
.28799999,.28799999,55
.012,.012,55
.001,.001,55
0,0,55
0,0,55
.36500001,.36500001,55
0,0,55
.542,.542,55
.19400001,.19400001,55
.764,.764,55
.46799999,.46799999,55
.99000001,.99000001,55
.81900001,.81900001,55
0,0,55
.161,.161,55
.027000001,.027000001,55
0,0,55
0,0,55
.125,.125,55
0,0,55
.57499999,.57499999,55
.36500001,.36500001,55
.373,.373,55
.079000004,.079000004,55
.104,.104,55
.067000002,.067000002,55
0,0,55
0,0,55
.025,.025,55
0,0,55
0,0,55
0,0,55
.222,.222,55
.89499998,.89499998,55
0,0,55
.067000002,.067000002,55
.014,.014,55
.001,.001,55
0,0,55
.336,.336,55
.001,.001,55
.107,.107,55
0,0,55
.012,.012,55
0,0,55
.80500001,.80500001,55
.14,.14,55
0,0,55
.072999999,.072999999,55
.73500001,.73500001,55
0,0,55
0,0,55
.027000001,.027000001,55
0,0,55
0,0,55
.85500002,.85500002,55
.222,.222,55
0,0,55
0,0,55
0,0,55
0,0,55
0,0,55
.89499998,.89499998,55
.336,.336,55
.061999999,.061999999,55
.107,.107,55
.093000002,.093000002,55
0,0,55
.061999999,.061999999,55
.014,.014,55
.74199998,.74199998,55
0,0,55
.46799999,.46799999,55
0,0,55
0,0,55
0,0,55
0,0,55
.373,.373,55
.62199998,.62199998,55
.57499999,.57499999,55
0,0,55
.38999999,.38999999,55
0,0,55
.77700001,.77700001,55
.102,.102,55
0,0,55
.19400001,.19400001,55
.542,.542,55
0,0,55
.85500002,.85500002,55
0,0,55
.035,.035,55
.079000004,.079000004,55
.104,.104,55
.063000001,.063000001,56
.133,.133,56
.037999999,.037999999,56
.133,.133,56
.133,.133,56
.19400001,.19400001,56
.001,.001,56
.15800001,.15800001,56
.0070000002,.0070000002,56
.15800001,.15800001,56
.037999999,.037999999,56
.133,.133,56
.19400001,.19400001,56
.001,.001,56
.013,.013,56
.15800001,.15800001,56
.0070000002,.0070000002,56
.0070000002,.0070000002,56
.013,.013,56
.063000001,.063000001,56
.19400001,.19400001,56
.23999999,.23999999,56
.0070000002,.0070000002,56
.063000001,.063000001,56
.23999999,.23999999,56
.23999999,.23999999,56
.23999999,.23999999,56
.037999999,.037999999,56
.013,.013,56
.15800001,.15800001,56
.013,.013,56
.001,.001,56
.063000001,.063000001,56
.001,.001,56
.037999999,.037999999,56
.19400001,.19400001,56
.15800001,.15800001,56
.15800001,.15800001,56
.34799999,.34799999,57
0,0,57
.30599999,.30599999,57
.046,.046,57
0,0,57
0,0,57
.48899999,.48899999,57
0,0,57
.149,.149,57
.096000001,.096000001,57
0,0,57
.33899999,.33899999,57
.096000001,.096000001,57
.43099999,.43099999,57
0,0,57
0,0,57
0,0,57
0,0,57
.20900001,.20900001,57
.30399999,.30399999,57
.046,.046,57
0,0,57
.405,.405,57
.41100001,.41100001,57
.02,.02,58
.029999999,.029999999,58
.37400001,.37400001,58
.76899999,.76899999,58
0,0,58
.58700001,.58700001,58
.064999998,.064999998,58
.02,.02,58
.014,.014,58
.193,.193,58
.727,.727,58
.003,.003,58
.003,.003,58
.003,.003,58
.0049999999,.0049999999,58
.0049999999,.0049999999,58
.49399999,.49399999,58
.029999999,.029999999,58
.37400001,.37400001,58
.003,.003,58
.02,.02,58
.79500002,.79500002,58
.182,.182,58
1,1,58
.53299999,.53299999,58
0,0,58
.064999998,.064999998,58
.014,.014,58
.78600001,.78600001,58
.064999998,.064999998,58
.0049999999,.0049999999,58
.149,.149,58
.78600001,.78600001,58
.0049999999,.0049999999,58
.029999999,.029999999,58
.53299999,.53299999,58
.014,.014,58
.37400001,.37400001,58
.76899999,.76899999,58
.64700001,.64700001,58
.0020000001,.0020000001,58
.76899999,.76899999,58
1,1,58
.02,.02,58
.182,.182,58
.76899999,.76899999,58
.78600001,.78600001,58
.003,.003,58
.0049999999,.0049999999,58
.79500002,.79500002,58
.53299999,.53299999,58
.58700001,.58700001,58
.69099998,.69099998,58
.727,.727,58
0,0,58
.014,.014,58
.0049999999,.0049999999,58
.69099998,.69099998,58
.029999999,.029999999,58
.0020000001,.0020000001,58
.71600002,.71600002,58
.37400001,.37400001,58
0,0,58
.0020000001,.0020000001,58
0,0,58
.182,.182,58
.193,.193,58
.64700001,.64700001,58
.182,.182,58
.149,.149,58
.58700001,.58700001,58
.69099998,.69099998,58
.149,.149,58
.0020000001,.0020000001,58
1,1,58
.003,.003,58
.149,.149,58
.76899999,.76899999,58
.49399999,.49399999,58
.71600002,.71600002,58
.064999998,.064999998,58
.78600001,.78600001,58
.0049999999,.0049999999,58
.003,.003,58
.014,.014,58
.193,.193,58
.0020000001,.0020000001,58
.064999998,.064999998,58
.003,.003,58
.58700001,.58700001,58
.182,.182,58
.49399999,.49399999,58
1,1,58
.64700001,.64700001,58
.029999999,.029999999,58
.64700001,.64700001,58
.149,.149,58
.02,.02,58
.71600002,.71600002,58
.69099998,.69099998,58
.014,.014,58
.58700001,.58700001,58
.02,.02,58
.182,.182,58
.71600002,.71600002,58
.182,.182,58
.149,.149,58
0,0,58
.0020000001,.0020000001,58
.37400001,.37400001,58
.003,.003,58
.49399999,.49399999,58
.0049999999,.0049999999,58
.0020000001,.0020000001,58
.003,.003,58
.003,.003,58
.0049999999,.0049999999,58
.0020000001,.0020000001,58
0,0,58
.193,.193,58
.0049999999,.0049999999,58
.79500002,.79500002,58
.727,.727,58
.79500002,.79500002,58
.0049999999,.0049999999,58
.79500002,.79500002,58
.37400001,.37400001,58
.003,.003,58
0,0,58
.003,.003,58
.69099998,.69099998,58
.79500002,.79500002,58
0,0,58
.64700001,.64700001,58
.003,.003,58
.64700001,.64700001,58
.727,.727,58
.193,.193,58
.0020000001,.0020000001,58
.69099998,.69099998,58
.58700001,.58700001,58
0,0,58
.49399999,.49399999,58
.0049999999,.0049999999,58
.064999998,.064999998,58
0,0,58
.727,.727,58
.003,.003,58
.79500002,.79500002,58
.0020000001,.0020000001,58
.0020000001,.0020000001,58
.003,.003,58
.193,.193,58
.0049999999,.0049999999,58
.78600001,.78600001,58
.58700001,.58700001,58
.182,.182,58
.0020000001,.0020000001,58
0,0,58
.149,.149,58
.0049999999,.0049999999,58
.0049999999,.0049999999,58
.014,.014,58
0,0,58
.003,.003,58
.49399999,.49399999,58
.064999998,.064999998,58
0,0,58
.003,.003,58
.71600002,.71600002,58
.0020000001,.0020000001,58
.029999999,.029999999,58
.014,.014,58
0,0,58
.79500002,.79500002,58
.064999998,.064999998,58
.02,.02,58
1,1,58
.0020000001,.0020000001,58
.0020000001,.0020000001,58
.53299999,.53299999,58
.37400001,.37400001,58
.53299999,.53299999,58
.37400001,.37400001,58
.727,.727,58
.71600002,.71600002,58
.64700001,.64700001,58
.49399999,.49399999,58
.58700001,.58700001,58
.003,.003,58
.69099998,.69099998,58
.193,.193,58
.003,.003,58
.0049999999,.0049999999,58
.64700001,.64700001,58
.003,.003,58
.76899999,.76899999,58
.53299999,.53299999,58
.53299999,.53299999,58
.53299999,.53299999,58
.193,.193,58
1,1,58
.003,.003,58
0,0,58
.0020000001,.0020000001,58
1,1,58
.76899999,.76899999,58
1,1,58
.69099998,.69099998,58
.71600002,.71600002,58
.003,.003,58
.49399999,.49399999,58
.149,.149,58
.78600001,.78600001,58
.727,.727,58
.029999999,.029999999,58
.71600002,.71600002,58
.02,.02,58
.78600001,.78600001,58
.727,.727,58
.76899999,.76899999,58
.78600001,.78600001,58
.003,.003,58
.029999999,.029999999,58
.048,.048,59
.27599999,.27599999,59
.001,.001,59
0,0,59
.021,.021,59
0,0,59
.87800002,.87800002,59
.017000001,.017000001,59
0,0,59
.26100001,.26100001,59
.0060000001,.0060000001,59
0,0,59
.001,.001,59
.551,.551,59
.43200001,.43200001,59
0,0,59
0,0,59
.1,.1,59
0,0,59
0,0,59
.92900002,.92900002,59
.027000001,.027000001,59
.78299999,.78299999,59
.048,.048,59
.68099999,.68099999,59
.056000002,.056000002,59
.296,.296,59
.22400001,.22400001,59
.243,.243,59
0,0,59
.0020000001,.0020000001,59
.91000003,.91000003,59
.0040000002,.0040000002,59
.39399999,.39399999,59
.0020000001,.0020000001,59
.60799998,.60799998,59
.064999998,.064999998,59
.024,.024,59
0,0,59
.077,.077,59
.090000004,.090000004,59
0,0,59
0,0,59
0,0,59
.088,.088,59
0,0,59
.34,.34,59
.248,.248,59
.56800002,.56800002,59
.435,.435,60
.435,.435,60
.87900001,.87900001,60
.72399998,.72399998,60
.182,.182,60
.87900001,.87900001,60
.27700001,.27700001,60
.97000003,.97000003,60
.72399998,.72399998,60
.182,.182,60
.97000003,.97000003,60
.27700001,.27700001,60
.017000001,.017000001,60
.090999998,.090999998,60
.27700001,.27700001,60
.017000001,.017000001,60
.090999998,.090999998,60
.435,.435,60
.090999998,.090999998,60
.87900001,.87900001,60
.72399998,.72399998,60
.97000003,.97000003,60
.017000001,.017000001,60
.182,.182,60
.050999999,.050999999,61
.15899999,.15899999,61
.123,.123,61
.123,.123,61
.123,.123,61
.15899999,.15899999,61
.106,.106,61
.050999999,.050999999,61
.050999999,.050999999,61
.123,.123,61
.177,.177,61
.141,.141,61
.141,.141,61
.141,.141,61
.117,.117,61
.141,.141,61
.36899999,.36899999,61
.106,.106,61
.15899999,.15899999,61
.021,.021,61
.117,.117,61
.021,.021,61
.36899999,.36899999,61
.177,.177,61
.106,.106,61
.123,.123,61
.36899999,.36899999,61
.106,.106,61
.15899999,.15899999,61
.36899999,.36899999,61
.021,.021,61
.123,.123,61
.106,.106,61
.117,.117,61
.117,.117,61
.141,.141,61
.15899999,.15899999,61
.050999999,.050999999,61
.177,.177,61
.021,.021,61
.106,.106,61
.117,.117,61
.141,.141,61
.021,.021,61
.15899999,.15899999,61
.117,.117,61
.050999999,.050999999,61
.177,.177,61
.177,.177,61
.36899999,.36899999,61
.050999999,.050999999,61
.36899999,.36899999,61
.021,.021,61
.177,.177,61
0,0,62
0,0,62
.0060000001,.0060000001,62
0,0,62
.028999999,.028999999,62
.76099998,.76099998,62
.85600001,.85600001,62
.125,.125,62
.18799999,.18799999,62
.76599997,.76599997,62
.30500001,.30500001,62
.041999999,.041999999,62
.18799999,.18799999,62
.16,.16,62
.52499998,.52499998,62
.028000001,.028000001,62
.76099998,.76099998,62
.92199999,.92199999,62
.012,.012,62
.001,.001,62
.003,.003,62
.76999998,.76999998,62
.125,.125,62
.012,.012,62
.82800001,.82800001,62
.57099998,.57099998,62
0,0,62
.32100001,.32100001,62
.56400001,.56400001,62
.048,.048,62
.0070000002,.0070000002,62
.68800002,.68800002,62
.16,.16,62
.016000001,.016000001,62
.57099998,.57099998,62
0,0,62
.13699999,.13699999,62
.001,.001,62
.0049999999,.0049999999,62
.071000002,.071000002,62
.884,.884,62
.018999999,.018999999,62
.061000001,.061000001,62
.52499998,.52499998,62
.127,.127,62
0,0,62
.013,.013,62
.048,.048,62
.0089999996,.0089999996,62
.028999999,.028999999,62
0,0,62
.0020000001,.0020000001,62
.0089999996,.0089999996,62
.0020000001,.0020000001,62
0,0,62
.071000002,.071000002,62
.0049999999,.0049999999,62
.113,.113,62
.02,.02,62
.033,.033,62
.001,.001,62
.001,.001,62
.13699999,.13699999,62
.001,.001,62
.76099998,.76099998,62
.113,.113,62
.037,.037,62
.56400001,.56400001,62
.103,.103,62
.018999999,.018999999,62
.30500001,.30500001,62
.68800002,.68800002,62
.31600001,.31600001,62
.001,.001,62
.0020000001,.0020000001,62
.003,.003,62
.76999998,.76999998,62
.76599997,.76599997,62
.037,.037,62
.0070000002,.0070000002,62
0,0,62
.98199999,.98199999,62
.018999999,.018999999,62
.31600001,.31600001,62
.80800003,.80800003,62
.071000002,.071000002,62
.003,.003,62
.0060000001,.0060000001,62
.125,.125,62
0,0,63
.011,.011,63
.50599998,.50599998,63
.02,.02,63
.0089999996,.0089999996,63
.027000001,.027000001,63
.011,.011,63
.75400001,.75400001,63
.70499998,.70499998,63
.38800001,.38800001,63
.0040000002,.0040000002,63
.25999999,.25999999,63
.0040000002,.0040000002,63
.028000001,.028000001,63
.046999998,.046999998,63
0,0,63
.003,.003,63
.011,.011,63
.78600001,.78600001,63
.86799997,.86799997,63
.014,.014,63
.028000001,.028000001,63
.79500002,.79500002,63
.51599997,.51599997,63
.046999998,.046999998,63
0,0,63
.484,.484,63
.435,.435,63
.027000001,.027000001,63
.25099999,.25099999,63
.0040000002,.0040000002,63
.329,.329,63
.013,.013,63
.022,.022,63
.013,.013,63
.16500001,.16500001,63
.0060000001,.0060000001,63
.89600003,.89600003,63
.022,.022,63
.0040000002,.0040000002,63
0,0,63
.82700002,.82700002,63
.42899999,.42899999,63
.028000001,.028000001,63
.022,.022,63
.014,.014,63
.829,.829,63
.602,.602,63
.354,.354,63
.0040000002,.0040000002,63
.028999999,.028999999,63
.58700001,.58700001,63
.412,.412,63
.035,.035,63
.013,.013,63
0,0,63
.098999999,.098999999,63
0,0,63
.003,.003,63
.38,.38,63
.0040000002,.0040000002,63
.0080000004,.0080000004,63
.86799997,.86799997,63
.34299999,.34299999,63
.024,.024,63
.19599999,.19599999,63
0,0,63
0,0,63
.223,.223,63
.015,.015,63
.602,.602,63
0,0,63
.88,.88,63
.79500002,.79500002,63
.0060000001,.0060000001,63
.44400001,.44400001,63
0,0,63
.829,.829,63
.093000002,.093000002,63
.25099999,.25099999,63
.27900001,.27900001,63
.57700002,.57700002,63
.57700002,.57700002,63
.51599997,.51599997,63
.42899999,.42899999,63
.75400001,.75400001,63
.88599998,.88599998,63
0,0,63
.412,.412,63
.011,.011,63
.58700001,.58700001,63
.39899999,.39899999,63
.001,.001,63
.89600003,.89600003,63
.19599999,.19599999,63
.001,.001,63
.001,.001,63
.55199999,.55199999,63
.223,.223,63
.079999998,.079999998,63
.046999998,.046999998,63
.027000001,.027000001,63
.0040000002,.0040000002,63
0,0,63
.028000001,.028000001,63
.88599998,.88599998,63
.86699998,.86699998,63
.42199999,.42199999,63
.12800001,.12800001,63
.02,.02,63
.41999999,.41999999,63
.022,.022,63
.013,.013,63
.0040000002,.0040000002,63
.377,.377,63
.0060000001,.0060000001,63
.098999999,.098999999,63
.78600001,.78600001,63
.25999999,.25999999,63
.079999998,.079999998,63
.011,.011,63
.011,.011,63
.0040000002,.0040000002,63
.0060000001,.0060000001,63
.041999999,.041999999,63
.484,.484,63
.027000001,.027000001,63
0,0,63
.70499998,.70499998,63
.071000002,.071000002,63
.98199999,.98199999,63
.41999999,.41999999,63
.017000001,.017000001,63
.098999999,.098999999,63
.85299999,.85299999,63
.088,.088,63
.354,.354,63
.018999999,.018999999,63
.602,.602,63
.079999998,.079999998,63
.85299999,.85299999,63
.018999999,.018999999,63
.19599999,.19599999,63
.028999999,.028999999,63
.017999999,.017999999,63
.023,.023,63
.38800001,.38800001,63
.377,.377,63
.017999999,.017999999,63
.041999999,.041999999,63
.192,.192,63
.435,.435,63
.024,.024,63
.15800001,.15800001,63
.071000002,.071000002,63
.015,.015,63
.329,.329,63
.56400001,.56400001,63
.66600001,.66600001,63
.0089999996,.0089999996,63
.0040000002,.0040000002,63
.079999998,.079999998,63
0,0,63
.18700001,.18700001,63
.017999999,.017999999,63
.88099998,.88099998,63
.86799997,.86799997,63
.011,.011,63
.0040000002,.0040000002,63
.74299997,.74299997,63
.602,.602,63
.56400001,.56400001,63
.025,.025,63
0,0,63
.105,.105,63
.55199999,.55199999,63
.027000001,.027000001,63
.35100001,.35100001,63
.44400001,.44400001,63
0,0,63
0,0,63
.017000001,.017000001,63
.025,.025,63
0,0,63
0,0,63
.025,.025,63
.003,.003,63
.88099998,.88099998,63
.028000001,.028000001,63
.041999999,.041999999,63
.079999998,.079999998,63
.098999999,.098999999,63
.001,.001,63
.19599999,.19599999,63
.74299997,.74299997,63
.35100001,.35100001,63
.28,.28,63
.25400001,.25400001,63
.003,.003,63
.046999998,.046999998,63
.47499999,.47499999,63
.098999999,.098999999,63
.86799997,.86799997,63
.50599998,.50599998,63
.86699998,.86699998,63
.192,.192,63
.088,.088,63
.27900001,.27900001,63
.0080000004,.0080000004,63
.0060000001,.0060000001,63
.028000001,.028000001,63
.37400001,.37400001,63
.003,.003,63
.0089999996,.0089999996,63
.81999999,.81999999,63
.018999999,.018999999,63
.66600001,.66600001,63
.0080000004,.0080000004,63
.028000001,.028000001,63
.39899999,.39899999,63
.079999998,.079999998,63
.0040000002,.0040000002,63
.001,.001,63
.28,.28,63
.223,.223,63
.013,.013,63
0,0,63
.86799997,.86799997,63
.079999998,.079999998,63
.16500001,.16500001,63
0,0,63
.018999999,.018999999,63
.041999999,.041999999,63
.82700002,.82700002,63
.027000001,.027000001,63
.013,.013,63
.011,.011,63
.81999999,.81999999,63
.0040000002,.0040000002,63
.011,.011,63
.011,.011,63
.017999999,.017999999,63
0,0,63
.011,.011,63
.079999998,.079999998,63
0,0,63
.098999999,.098999999,63
.0080000004,.0080000004,63
.177,.177,63
.011,.011,63
.023,.023,63
.025,.025,63
.035,.035,63
.18700001,.18700001,63
.15800001,.15800001,63
0,0,63
.47499999,.47499999,63
.38,.38,63
.19599999,.19599999,63
0,0,63
.093000002,.093000002,63
.003,.003,63
.25400001,.25400001,63
0,0,63
.37400001,.37400001,63
.34299999,.34299999,63
0,0,63
.12800001,.12800001,63
.003,.003,63
.42199999,.42199999,63
.105,.105,63
.98199999,.98199999,63
.098999999,.098999999,63
.19599999,.19599999,63
.88,.88,63
.039999999,.039999999,63
.0040000002,.0040000002,63
.001,.001,63
0,0,63
.177,.177,63
.039999999,.039999999,63
.011,.011,63
.017999999,.017999999,63
.011,.011,63
.0060000001,.0060000001,64
.0060000001,.0060000001,64
.0060000001,.0060000001,64
.0060000001,.0060000001,64
.0060000001,.0060000001,64
.0060000001,.0060000001,64
.0060000001,.0060000001,64
.0060000001,.0060000001,64
.0060000001,.0060000001,64
.0060000001,.0060000001,64
.0060000001,.0060000001,64
.0060000001,.0060000001,64
0,0,65
0,0,65
0,0,65
.52899998,.52899998,65
0,0,65
0,0,65
0,0,65
0,0,65
0,0,65
0,0,65
.303,.303,65
0,0,65
0,0,65
0,0,65
0,0,65
.303,.303,65
0,0,65
0,0,65
0,0,65
.52899998,.52899998,65
0,0,65
.02,.02,66
.02,.02,66
.02,.02,66
.02,.02,66
.02,.02,66
.02,.02,66
.02,.02,66
.02,.02,66
.02,.02,66
.02,.02,66
.02,.02,66
.02,.02,66
0,0,67
0,0,67
.183,.183,67
0,0,67
0,0,67
0,0,67
0,0,67
0,0,67
0,0,67
0,0,67
0,0,67
0,0,67
0,0,67
0,0,67
0,0,67
0,0,67
0,0,67
0,0,67
0,0,67
0,0,67
0,0,67
.537,.537,67
0,0,67
0,0,67
.352,.352,67
0,0,67
.352,.352,67
0,0,67
0,0,67
0,0,67
.177,.177,67
0,0,67
.537,.537,67
0,0,67
.352,.352,67
0,0,67
.177,.177,67
0,0,67
0,0,67
0,0,67
0,0,67
0,0,67
0,0,67
.177,.177,67
.183,.183,67
0,0,67
0,0,67
0,0,67
0,0,67
0,0,67
.537,.537,67
0,0,67
0,0,67
0,0,67
0,0,67
.183,.183,67
0,0,67
.041999999,.041999999,68
.0020000001,.0020000001,68
0,0,68
.011,.011,68
.015,.015,68
.041999999,.041999999,68
.0060000001,.0060000001,68
.001,.001,68
.0049999999,.0049999999,68
.0020000001,.0020000001,68
.001,.001,68
.011,.011,68
.0049999999,.0049999999,68
.0060000001,.0060000001,68
.0049999999,.0049999999,68
.001,.001,68
.0060000001,.0060000001,68
.001,.001,68
.003,.003,68
.041999999,.041999999,68
.041999999,.041999999,68
.0020000001,.0020000001,68
.003,.003,68
.001,.001,68
.041999999,.041999999,68
.0060000001,.0060000001,68
.001,.001,68
.001,.001,68
.041999999,.041999999,68
.0060000001,.0060000001,68
.003,.003,68
.041999999,.041999999,68
.001,.001,68
.0049999999,.0049999999,68
.0070000002,.0070000002,68
.0070000002,.0070000002,68
.0049999999,.0049999999,68
.001,.001,68
.0049999999,.0049999999,68
.003,.003,68
.041999999,.041999999,68
.0049999999,.0049999999,68
.064000003,.064000003,68
.041999999,.041999999,68
.013,.013,68
.041999999,.041999999,68
.003,.003,68
0,0,68
.0049999999,.0049999999,68
.0070000002,.0070000002,68
.013,.013,68
.0060000001,.0060000001,68
.011,.011,68
0,0,68
.001,.001,68
0,0,68
.015,.015,68
.064000003,.064000003,68
0,0,68
.041999999,.041999999,68
.001,.001,68
0,0,68
0,0,68
.001,.001,68
0,0,68
.0060000001,.0060000001,68
.0049999999,.0049999999,68
.015,.015,68
.013,.013,68
.013,.013,68
.0070000002,.0070000002,68
.0060000001,.0060000001,68
.041999999,.041999999,68
.0060000001,.0060000001,68
.015,.015,68
.011,.011,68
.041999999,.041999999,68
.0070000002,.0070000002,68
.0060000001,.0060000001,68
.0049999999,.0049999999,68
.001,.001,68
0,0,68
.011,.011,68
.0060000001,.0060000001,68
.0060000001,.0060000001,68
.0060000001,.0060000001,68
.0020000001,.0020000001,68
0,0,68
.064000003,.064000003,68
.0020000001,.0020000001,68
.015,.015,68
.001,.001,68
.013,.013,68
.064000003,.064000003,68
.001,.001,68
.0060000001,.0060000001,68
.064000003,.064000003,68
.0060000001,.0060000001,68
.79400003,.79400003,69
.89899999,.89899999,69
.0049999999,.0049999999,69
.089000002,.089000002,69
.242,.242,69
.035999998,.035999998,69
.38499999,.38499999,69
.079000004,.079000004,69
.184,.184,69
.0049999999,.0049999999,69
.87800002,.87800002,69
.62,.62,69
.023,.023,69
.0080000004,.0080000004,69
.824,.824,69
.0040000002,.0040000002,69
.035,.035,69
.0099999998,.0099999998,69
.184,.184,69
.003,.003,69
.82300001,.82300001,69
.109,.109,69
.096000001,.096000001,69
.034000002,.034000002,69
.011,.011,69
.164,.164,69
.024,.024,69
.26499999,.26499999,69
.046,.046,69
.27700001,.27700001,69
.168,.168,69
.017000001,.017000001,69
.034000002,.034000002,69
.0049999999,.0049999999,69
.15000001,.15000001,69
.0060000001,.0060000001,69
.043000001,.043000001,69
.023,.023,69
.028999999,.028999999,69
.63099998,.63099998,69
.0099999998,.0099999998,69
.76700002,.76700002,69
.84299999,.84299999,69
.34900001,.34900001,69
.0089999996,.0089999996,69
.122,.122,69
.050999999,.050999999,69
.039000001,.039000001,69
.02,.02,69
.0099999998,.0099999998,69
.368,.368,69
.016000001,.016000001,69
.741,.741,69
.029999999,.029999999,69
.093999997,.093999997,69
.083999999,.083999999,69
.49700001,.49700001,69
.050000001,.050000001,69
.133,.133,69
.26499999,.26499999,69
.456,.456,69
.72799999,.72799999,69
.70200002,.70200002,69
.086999997,.086999997,69
.016000001,.016000001,69
.096000001,.096000001,69
.059,.059,69
.071000002,.071000002,69
.95999998,.95999998,69
.017999999,.017999999,69
.035,.035,69
.003,.003,69
.208,.208,69
.050999999,.050999999,69
.211,.211,69
.003,.003,69
.81999999,.81999999,69
.0020000001,.0020000001,69
.13500001,.13500001,69
.368,.368,69
.41299999,.41299999,69
.34900001,.34900001,69
.033,.033,69
.12,.12,69
.014,.014,69
.95999998,.95999998,69
.034000002,.034000002,69
.829,.829,69
.107,.107,69
.72799999,.72799999,69
.0099999998,.0099999998,69
.050999999,.050999999,69
.023,.023,69
.033,.033,69
.336,.336,69
.0089999996,.0089999996,69
.081,.081,69
.59899998,.59899998,69
.081,.081,69
.013,.013,69
.081,.081,69
.014,.014,69
.13600001,.13600001,69
.029999999,.029999999,69
.0099999998,.0099999998,69
.082000002,.082000002,69
.84399998,.84399998,69
.026000001,.026000001,69
.0080000004,.0080000004,69
.117,.117,69
.045000002,.045000002,69
.38600001,.38600001,69
.19499999,.19499999,69
.161,.161,69
.38600001,.38600001,69
.122,.122,69
.27900001,.27900001,69
.050999999,.050999999,69
.75300002,.75300002,69
.057999998,.057999998,69
.048,.048,69
.73500001,.73500001,69
.69800001,.69800001,69
.67699999,.67699999,69
.034000002,.034000002,69
.0080000004,.0080000004,69
.124,.124,69
.67699999,.67699999,69
.086999997,.086999997,69
.704,.704,69
.76999998,.76999998,69
.039000001,.039000001,69
.0089999996,.0089999996,69
.95999998,.95999998,69
.19499999,.19499999,69
.059,.059,69
.061000001,.061000001,69
.054000001,.054000001,69
.0049999999,.0049999999,69
.034000002,.034000002,69
.0040000002,.0040000002,69
.109,.109,69
.89899999,.89899999,69
0,0,69
.003,.003,69
.017000001,.017000001,69
.045000002,.045000002,69
.081,.081,69
.033,.033,69
.0099999998,.0099999998,69
.79400003,.79400003,69
.107,.107,69
.088,.088,69
.057,.057,69
.17900001,.17900001,69
.0049999999,.0049999999,69
.0020000001,.0020000001,69
.082000002,.082000002,69
.0040000002,.0040000002,69
.17900001,.17900001,69
.13600001,.13600001,69
.048,.048,69
.41100001,.41100001,69
.028999999,.028999999,69
.026000001,.026000001,69
.035,.035,69
.034000002,.034000002,69
.017000001,.017000001,69
.021,.021,69
.66000003,.66000003,69
.0080000004,.0080000004,69
.84299999,.84299999,69
.017999999,.017999999,69
.077,.077,69
.029999999,.029999999,69
.096000001,.096000001,69
.043000001,.043000001,69
.28200001,.28200001,69
.109,.109,69
.76700002,.76700002,69
.208,.208,69
.107,.107,69
.149,.149,69
.057,.057,69
.017000001,.017000001,69
.107,.107,69
.032000002,.032000002,69
.001,.001,69
.0040000002,.0040000002,69
.73500001,.73500001,69
.013,.013,69
.003,.003,69
.63999999,.63999999,69
.59899998,.59899998,69
.0060000001,.0060000001,69
.048,.048,69
.73500001,.73500001,69
.72799999,.72799999,69
.033,.033,69
.026000001,.026000001,69
.011,.011,69
.026000001,.026000001,69
.211,.211,69
.211,.211,69
.0099999998,.0099999998,69
.77899998,.77899998,69
.0080000004,.0080000004,69
.046,.046,69
.49700001,.49700001,69
.184,.184,69
.026000001,.026000001,69
.164,.164,69
.048,.048,69
.25299999,.25299999,69
.38600001,.38600001,69
.048,.048,69
.36300001,.36300001,69
.016000001,.016000001,69
.048,.048,69
.016000001,.016000001,69
.083999999,.083999999,69
.0020000001,.0020000001,69
.69400001,.69400001,69
.741,.741,69
.0080000004,.0080000004,69
.114,.114,69
.704,.704,69
.029999999,.029999999,69
.208,.208,69
.0070000002,.0070000002,69
.017000001,.017000001,69
.133,.133,69
.039999999,.039999999,69
.001,.001,69
.096000001,.096000001,69
.023,.023,69
.034000002,.034000002,69
.168,.168,69
.236,.236,69
.0020000001,.0020000001,69
.088,.088,69
.228,.228,69
.057,.057,69
.331,.331,69
.116,.116,69
.168,.168,69
.048,.048,69
.035999998,.035999998,69
.0020000001,.0020000001,69
.089000002,.089000002,69
.02,.02,69
.0070000002,.0070000002,69
.62,.62,69
.19499999,.19499999,69
.07,.07,69
.228,.228,69
.048,.048,69
.62,.62,69
.071000002,.071000002,69
.054000001,.054000001,69
.081,.081,69
.014,.014,69
.228,.228,69
.81800002,.81800002,69
.72100002,.72100002,69
.016000001,.016000001,69
.045000002,.045000002,69
.035999998,.035999998,69
.122,.122,69
.057,.057,69
.016000001,.016000001,69
.34900001,.34900001,69
.0040000002,.0040000002,69
.70999998,.70999998,69
.116,.116,69
.033,.033,69
.17900001,.17900001,69
.117,.117,69
.071000002,.071000002,69
.114,.114,69
.086999997,.086999997,69
.07,.07,69
.034000002,.034000002,69
.59899998,.59899998,69
.67699999,.67699999,69
.016000001,.016000001,69
.043000001,.043000001,69
.096000001,.096000001,69
.057,.057,69
.016000001,.016000001,69
.13600001,.13600001,69
.704,.704,69
.026000001,.026000001,69
.032000002,.032000002,69
.017999999,.017999999,69
.079000004,.079000004,69
.088,.088,69
.70200002,.70200002,69
.164,.164,69
.13500001,.13500001,69
.116,.116,69
.68300003,.68300003,69
.021,.021,69
.061000001,.061000001,69
.016000001,.016000001,69
.114,.114,69
.013,.013,69
.66600001,.66600001,69
.028999999,.028999999,69
.12,.12,69
.75300002,.75300002,69
.66000003,.66000003,69
.046,.046,69
.41100001,.41100001,69
.27900001,.27900001,69
.84399998,.84399998,69
.81800002,.81800002,69
.02,.02,69
.081,.081,69
.001,.001,69
.0070000002,.0070000002,69
.741,.741,69
.048,.048,69
.79400003,.79400003,69
.066,.066,69
.60000002,.60000002,69
.034000002,.034000002,69
.032000002,.032000002,69
.0060000001,.0060000001,69
.124,.124,69
.75300002,.75300002,69
.054000001,.054000001,69
.124,.124,69
.059,.059,69
.016000001,.016000001,69
.057999998,.057999998,69
.050999999,.050999999,69
.84299999,.84299999,69
.89899999,.89899999,69
.079000004,.079000004,69
.63999999,.63999999,69
.057,.057,69
.12,.12,69
.021,.021,69
.016000001,.016000001,69
.096000001,.096000001,69
.0020000001,.0020000001,69
.27900001,.27900001,69
.79500002,.79500002,69
.41100001,.41100001,69
.029999999,.029999999,69
.81800002,.81800002,69
.023,.023,69
.99800003,.99800003,69
.039000001,.039000001,69
.26499999,.26499999,69
.057999998,.057999998,69
.97799999,.97799999,69
.117,.117,69
.69800001,.69800001,69
.023,.023,69
.25999999,.25999999,69
.011,.011,69
.13500001,.13500001,69
.84399998,.84399998,69
.0099999998,.0099999998,69
.014,.014,69
.133,.133,69
.083999999,.083999999,69
.69800001,.69800001,69
.035999998,.035999998,69
.63999999,.63999999,69
.368,.368,69
.045000002,.045000002,69
.089000002,.089000002,69
.66000003,.66000003,69
.035999998,.035999998,69
.039999999,.039999999,69
.0099999998,.0099999998,69
.050999999,.050999999,69
.066,.066,69
.07,.07,69
.035999998,.035999998,69
.033,.033,69
.017000001,.017000001,69
.76700002,.76700002,69
.054000001,.054000001,69
.048,.048,69
.039999999,.039999999,69
.077,.077,69
.077,.077,69
.050000001,.050000001,69
.029999999,.029999999,69
.0040000002,.0040000002,69
.050000001,.050000001,69
.066,.066,69
.003,.003,69
.061000001,.061000001,69
.16500001,.16500001,69
.016000001,.016000001,69
.0049999999,.0049999999,69
.70200002,.70200002,69
.082000002,.082000002,69
.028000001,.028000001,70
.028000001,.028000001,70
.035,.035,70
0,0,70
.035,.035,70
.028000001,.028000001,70
0,0,70
.028000001,.028000001,70
.028000001,.028000001,70
.035,.035,70
0,0,70
.035,.035,70
.035,.035,70
.035,.035,70
0,0,70
.028000001,.028000001,70
.035,.035,70
0,0,70
0,0,70
.035,.035,70
0,0,70
.046,.046,70
.035,.035,70
0,0,70
.028000001,.028000001,70
.041000001,.041000001,70
0,0,70
0,0,70
.028000001,.028000001,70
0,0,70
.035,.035,70
.028000001,.028000001,70
.035,.035,70
.028000001,.028000001,70
.028000001,.028000001,70
.02,.02,71
.02,.02,71
.94199997,.94199997,71
.331,.331,71
.331,.331,71
.94199997,.94199997,71
.083999999,.083999999,71
.94199997,.94199997,71
.331,.331,71
.94199997,.94199997,71
.083999999,.083999999,71
.02,.02,71
.02,.02,71
.02,.02,71
.02,.02,71
.94199997,.94199997,71
.94199997,.94199997,71
.02,.02,71
.94199997,.94199997,71
.083999999,.083999999,71
.331,.331,71
.331,.331,71
.083999999,.083999999,71
.02,.02,71
.083999999,.083999999,71
.331,.331,71
.083999999,.083999999,71
.94199997,.94199997,71
.331,.331,71
.331,.331,71
.083999999,.083999999,71
.083999999,.083999999,71
0,0,72
.79500002,.79500002,72
0,0,72
0,0,72
.63599998,.63599998,72
0,0,72
0,0,72
0,0,72
.991,.991,72
.63599998,.63599998,72
0,0,72
0,0,72
0,0,72
.79500002,.79500002,72
0,0,72
.63599998,.63599998,72
0,0,72
.79500002,.79500002,72
0,0,72
.63599998,.63599998,72
.79500002,.79500002,72
.991,.991,72
0,0,72
.991,.991,72
0,0,72
.79500002,.79500002,72
.63599998,.63599998,72
0,0,72
0,0,72
0,0,72
.991,.991,72
.991,.991,72
0,0,72
.79500002,.79500002,72
.991,.991,72
0,0,72
0,0,72
.79500002,.79500002,72
0,0,72
0,0,72
.79500002,.79500002,72
0,0,72
.991,.991,72
.991,.991,72
.63599998,.63599998,72
0,0,72
.79500002,.79500002,72
.63599998,.63599998,72
0,0,72
.63599998,.63599998,72
.991,.991,72
0,0,72
0,0,72
.79500002,.79500002,72
.63599998,.63599998,72
.991,.991,72
0,0,72
.63599998,.63599998,72
0,0,72
0,0,72
0,0,73
.001,.001,73
0,0,73
0,0,73
0,0,73
0,0,73
.001,.001,73
.001,.001,73
.001,.001,73
.001,.001,73
.001,.001,73
0,0,73
.001,.001,73
0,0,73
.001,.001,73
.001,.001,73
0,0,73
0,0,73
0,0,73
0,0,73
.001,.001,73
0,0,73
0,0,73
0,0,73
0,0,73
.001,.001,73
0,0,73
0,0,73
0,0,73
0,0,73
.001,.001,73
.001,.001,73
0,0,73
0,0,73
.001,.001,73
.001,.001,73
0,0,73
0,0,73
0,0,73
0,0,73
0,0,73
0,0,73
0,0,73
.001,.001,73
0,0,73
0,0,73
0,0,73
0,0,73
0,0,73
0,0,73
0,0,73
.001,.001,73
.001,.001,73
.001,.001,73
.001,.001,73
0,0,73
.001,.001,73
.001,.001,73
0,0,73
.001,.001,73
0,0,73
0,0,73
0,0,73
0,0,73
0,0,73
0,0,73
0,0,73
0,0,73
.001,.001,73
0,0,73
.001,.001,73
0,0,73
0,0,73
0,0,73
0,0,73
0,0,73
0,0,73
.001,.001,73
0,0,73
0,0,73
0,0,73
0,0,73
.001,.001,73
0,0,73
.001,.001,73
0,0,73
0,0,73
0,0,73
0,0,73
0,0,73
0,0,73
0,0,73
.001,.001,73
0,0,73
.001,.001,73
.001,.001,73
0,0,73
0,0,73
0,0,73
0,0,73
0,0,73
0,0,73
0,0,73
0,0,73
0,0,73
.001,.001,73
0,0,73
0,0,73
.001,.001,73
.001,.001,73
0,0,73
0,0,73
.001,.001,73
.001,.001,73
0,0,73
.001,.001,73
.001,.001,73
0,0,73
.001,.001,73
0,0,73
0,0,73
.001,.001,73
0,0,73
0,0,73
.001,.001,73
0,0,73
0,0,73
0,0,73
0,0,73
0,0,73
0,0,73
.001,.001,73
0,0,73
.001,.001,73
0,0,73
0,0,73
.001,.001,73
0,0,73
0,0,73
0,0,73
0,0,73
.001,.001,73
0,0,73
0,0,73
0,0,73
0,0,73
0,0,73
.001,.001,73
.001,.001,73
0,0,73
0,0,73
0,0,73
.001,.001,73
.001,.001,73
0,0,73
0,0,73
.001,.001,73
.001,.001,73
.001,.001,73
0,0,73
0,0,73
0,0,73
.001,.001,73
.001,.001,73
.001,.001,73
.001,.001,73
.001,.001,73
0,0,73
0,0,73
.001,.001,73
0,0,73
0,0,73
0,0,73
.001,.001,73
0,0,73
0,0,73
0,0,73
0,0,73
0,0,73
.001,.001,73
.001,.001,73
.001,.001,73
0,0,73
0,0,73
0,0,73
0,0,73
0,0,73
0,0,73
0,0,73
.001,.001,73
0,0,73
0,0,73
.001,.001,73
.001,.001,73
0,0,73
0,0,73
0,0,73
0,0,73
.001,.001,73
0,0,73
0,0,73
0,0,73
0,0,73
.001,.001,73
0,0,73
0,0,73
.001,.001,73
0,0,73
.001,.001,73
.001,.001,73
.001,.001,73
0,0,73
0,0,73
0,0,73
0,0,73
.001,.001,73
.003,.003,74
.178,.178,74
.001,.001,74
.18099999,.18099999,74
.0020000001,.0020000001,74
.001,.001,74
.0080000004,.0080000004,74
0,0,74
.0080000004,.0080000004,74
.0020000001,.0020000001,74
.18099999,.18099999,74
.003,.003,74
.40900001,.40900001,74
.024,.024,74
.0080000004,.0080000004,74
.097000003,.097000003,74
.86900002,.86900002,74
.048999999,.048999999,74
.097000003,.097000003,74
.018999999,.018999999,74
.0080000004,.0080000004,74
.003,.003,74
.72899997,.72899997,74
.046,.046,74
.149,.149,74
.0089999996,.0089999996,74
.021,.021,74
.030999999,.030999999,74
.449,.449,74
.003,.003,74
.178,.178,74
.021,.021,74
.011,.011,74
.149,.149,74
.12,.12,74
.011,.011,74
.013,.013,74
.14300001,.14300001,74
.0040000002,.0040000002,74
0,0,74
.0060000001,.0060000001,74
.013,.013,74
.0089999996,.0089999996,74
.011,.011,74
.0049999999,.0049999999,74
.039999999,.039999999,74
.028000001,.028000001,74
.018999999,.018999999,74
.0049999999,.0049999999,74
.024,.024,74
.022,.022,74
.509,.509,74
.0099999998,.0099999998,74
0,0,74
.015,.015,74
.514,.514,74
.42899999,.42899999,74
.028999999,.028999999,74
.030999999,.030999999,74
.26699999,.26699999,74
.037999999,.037999999,74
.001,.001,74
.509,.509,74
.022,.022,74
.0080000004,.0080000004,74
.449,.449,74
.0089999996,.0089999996,74
.030999999,.030999999,74
.059,.059,74
.2,.2,74
.86900002,.86900002,74
.796,.796,74
.149,.149,74
.001,.001,74
.56999999,.56999999,74
.003,.003,74
.011,.011,74
.015,.015,74
.42899999,.42899999,74
.73100001,.73100001,74
.003,.003,74
.16599999,.16599999,74
.0099999998,.0099999998,74
.001,.001,74
.514,.514,74
.017000001,.017000001,74
.0020000001,.0020000001,74
.14300001,.14300001,74
.0049999999,.0049999999,74
.0070000002,.0070000002,74
.0040000002,.0040000002,74
0,0,74
.38,.38,74
.16599999,.16599999,74
.0070000002,.0070000002,74
.0049999999,.0049999999,74
.017000001,.017000001,74
.0040000002,.0040000002,74
.052000001,.052000001,74
.26699999,.26699999,74
.059,.059,74
.0020000001,.0020000001,74
.052000001,.052000001,74
.003,.003,74
.23,.23,74
.796,.796,74
.40900001,.40900001,74
.001,.001,74
.0089999996,.0089999996,74
.72899997,.72899997,74
.73100001,.73100001,74
.134,.134,75
.001,.001,75
0,0,75
.001,.001,75
0,0,75
.035,.035,75
.046,.046,75
.035,.035,75
.001,.001,75
.134,.134,75
0,0,75
.046,.046,75
.001,.001,75
.001,.001,75
.134,.134,75
.046,.046,75
.134,.134,75
.035,.035,75
.056000002,.056000002,75
.035,.035,75
.056000002,.056000002,75
.056000002,.056000002,75
.056000002,.056000002,75
.046,.046,75
.046,.046,75
.035,.035,75
.056000002,.056000002,75
0,0,75
.056000002,.056000002,75
0,0,75
.056000002,.056000002,75
.134,.134,75
.056000002,.056000002,75
.0049999999,.0049999999,76
.12800001,.12800001,76
.0040000002,.0040000002,76
0,0,76
0,0,76
0,0,76
.022,.022,76
.46700001,.46700001,76
.0049999999,.0049999999,76
.36000001,.36000001,76
.022,.022,76
.106,.106,76
.018999999,.018999999,76
.0040000002,.0040000002,76
.30000001,.30000001,76
0,0,76
.39700001,.39700001,76
.059,.059,76
.0070000002,.0070000002,76
.84799999,.84799999,76
0,0,76
0,0,76
.106,.106,76
.42699999,.42699999,76
.0070000002,.0070000002,76
.0049999999,.0049999999,76
0,0,76
.14,.14,76
.22499999,.22499999,76
.0040000002,.0040000002,76
.050999999,.050999999,77
.011,.011,77
.013,.013,77
.045000002,.045000002,77
0,0,77
.0060000001,.0060000001,77
0,0,77
0,0,77
.013,.013,77
0,0,77
.064000003,.064000003,77
0,0,77
.074000001,.074000001,77
.0020000001,.0020000001,77
.015,.015,77
.0080000004,.0080000004,77
.0060000001,.0060000001,77
.074000001,.074000001,77
.074000001,.074000001,77
.011,.011,77
.0070000002,.0070000002,77
.013,.013,77
.011,.011,77
.0020000001,.0020000001,77
.028000001,.028000001,77
.0020000001,.0020000001,77
0,0,77
0,0,78
0,0,78
0,0,78
0,0,78
0,0,78
0,0,78
0,0,78
0,0,78
.117,.117,79
.003,.003,79
.117,.117,79
.003,.003,79
.028999999,.028999999,80
.0080000004,.0080000004,80
.035999998,.035999998,80
.103,.103,80
.0049999999,.0049999999,80
.027000001,.027000001,80
.041000001,.041000001,80
.014,.014,80
.72600001,.72600001,80
.177,.177,80
.359,.359,80
.0049999999,.0049999999,80
.050000001,.050000001,80
.018999999,.018999999,80
.0040000002,.0040000002,80
.103,.103,80
.359,.359,80
.090999998,.090999998,80
.041999999,.041999999,80
.34799999,.34799999,80
.449,.449,80
.001,.001,80
.85299999,.85299999,80
.449,.449,80
.001,.001,80
.245,.245,80
.093000002,.093000002,80
.359,.359,80
.021,.021,80
.001,.001,80
.0040000002,.0040000002,80
.083999999,.083999999,80
.083999999,.083999999,80
.699,.699,80
.0080000004,.0080000004,80
.094999999,.094999999,80
.0040000002,.0040000002,80
.018999999,.018999999,80
.001,.001,80
.079999998,.079999998,80
.699,.699,80
.84899998,.84899998,80
.86400002,.86400002,80
.021,.021,80
.030999999,.030999999,80
.086999997,.086999997,80
.021,.021,80
.017999999,.017999999,80
.29800001,.29800001,80
.011,.011,80
.003,.003,80
.018999999,.018999999,80
.028999999,.028999999,80
.223,.223,80
.018999999,.018999999,80
.090999998,.090999998,80
.025,.025,80
.119,.119,80
.699,.699,80
.72600001,.72600001,80
.0080000004,.0080000004,80
.083999999,.083999999,80
0,0,80
.094999999,.094999999,80
.018999999,.018999999,80
.094999999,.094999999,80
0,0,80
.0040000002,.0040000002,80
.449,.449,80
.079999998,.079999998,80
.018999999,.018999999,80
.34799999,.34799999,80
.0049999999,.0049999999,80
.021,.021,80
.018999999,.018999999,80
.113,.113,80
.0040000002,.0040000002,80
.017999999,.017999999,80
.001,.001,81
.001,.001,81
.001,.001,81
0,0,81
0,0,81
.001,.001,81
0,0,81
0,0,81
.001,.001,81
0,0,81
.014,.014,82
.02,.02,82
0,0,82
.011,.011,82
0,0,82
0,0,82
.066,.066,82
.0020000001,.0020000001,82
0,0,82
.067000002,.067000002,82
.037999999,.037999999,82
.02,.02,82
.025,.025,82
.0049999999,.0049999999,82
.018999999,.018999999,82
0,0,82
.07,.07,82
0,0,82
.057999998,.057999998,82
.025,.025,82
.014,.014,82
0,0,82
.017999999,.017999999,82
.041999999,.041999999,82
0,0,82
.041000001,.041000001,82
0,0,82
.017999999,.017999999,82
0,0,82
.003,.003,82
.023,.023,82
.003,.003,82
.044,.044,82
.001,.001,82
0,0,82
.76599997,.76599997,83
.63599998,.63599998,83
.96700001,.96700001,83
.003,.003,83
.152,.152,83
.052999999,.052999999,83
.83499998,.83499998,83
.838,.838,83
0,0,83
0,0,83
.086999997,.086999997,83
.056000002,.056000002,83
.029999999,.029999999,83
.017000001,.017000001,83
0,0,83
.030999999,.030999999,83
.072999999,.072999999,83
.76899999,.76899999,83
0,0,83
.98400003,.98400003,83
.898,.898,83
.78899997,.78899997,83
.027000001,.027000001,83
.88599998,.88599998,83
.273,.273,83
.96700001,.96700001,83
.898,.898,83
0,0,83
.13699999,.13699999,83
.0060000001,.0060000001,83
.433,.433,83
0,0,83
.14300001,.14300001,83
.029999999,.029999999,83
.90200001,.90200001,83
0,0,83
.68599999,.68599999,83
.0040000002,.0040000002,83
0,0,83
.022,.022,83
0,0,83
.93000001,.93000001,83
.89200002,.89200002,83
.056000002,.056000002,83
.31799999,.31799999,83
.026000001,.026000001,83
.123,.123,83
.0060000001,.0060000001,83
.82599998,.82599998,83
.96700001,.96700001,83
.82599998,.82599998,83
.838,.838,83
.85900003,.85900003,83
.013,.013,83
.85500002,.85500002,83
.99800003,.99800003,83
.001,.001,83
.55000001,.55000001,83
.0040000002,.0040000002,83
.167,.167,83
.889,.889,83
.89200002,.89200002,83
.013,.013,83
.017999999,.017999999,83
.89099997,.89099997,83
.89200002,.89200002,83
.85500002,.85500002,83
.233,.233,83
0,0,83
0,0,83
.433,.433,83
.027000001,.027000001,83
.59799999,.59799999,84
.011,.011,84
.0070000002,.0070000002,84
.426,.426,84
.0070000002,.0070000002,84
.011,.011,84
.012,.012,84
.022,.022,84
.022,.022,84
.74299997,.74299997,84
.017999999,.017999999,84
.0020000001,.0020000001,84
.003,.003,84
.639,.639,84
.0020000001,.0020000001,84
.57800001,.57800001,84
.032000002,.032000002,84
.59799999,.59799999,84
.62099999,.62099999,84
.037999999,.037999999,84
.011,.011,84
.74299997,.74299997,84
.013,.013,84
.57800001,.57800001,84
.59200001,.59200001,84
.012,.012,84
.003,.003,84
.639,.639,84
.011,.011,84
.016000001,.016000001,84
0,0,85
0,0,85
0,0,85
0,0,85
0,0,85
0,0,85
.0070000002,.0070000002,85
0,0,85
0,0,85
.001,.001,85
0,0,85
0,0,85
0,0,85
.017000001,.017000001,85
0,0,85
0,0,85
0,0,85
0,0,85
.083999999,.083999999,85
0,0,85
0,0,85
.083999999,.083999999,85
.685,.685,85
.017000001,.017000001,85
0,0,85
0,0,85
0,0,85
0,0,85
0,0,85
0,0,85
0,0,85
0,0,85
0,0,85
0,0,85
0,0,85
0,0,85
0,0,85
0,0,85
.001,.001,85
0,0,85
0,0,85
0,0,85
.685,.685,85
.001,.001,85
0,0,85
0,0,85
0,0,85
0,0,85
0,0,85
0,0,85
.001,.001,85
.0070000002,.0070000002,85
0,0,85
0,0,85
0,0,85
0,0,85
.74299997,.74299997,86
.035999998,.035999998,86
0,0,86
0,0,86
0,0,86
0,0,86
.31200001,.31200001,86
.31200001,.31200001,86
.74299997,.74299997,86
.035999998,.035999998,86
0,0,86
0,0,86
0,0,86
.028999999,.028999999,86
.86299998,.86299998,86
.035999998,.035999998,86
.74299997,.74299997,86
0,0,86
.028999999,.028999999,86
0,0,86
0,0,86
0,0,86
0,0,86
0,0,86
.86299998,.86299998,86
.86299998,.86299998,86
.31200001,.31200001,86
0,0,86
0,0,86
.028999999,.028999999,86
.31200001,.31200001,86
0,0,86
0,0,86
0,0,86
0,0,86
0,0,86
.035999998,.035999998,86
0,0,86
.028999999,.028999999,86
0,0,86
0,0,86
.74299997,.74299997,86
.86299998,.86299998,86
0,0,86
0,0,86
