.0089999996,.003,3
.0020000001,.0020000001,3
.52399999,.19599999,3
.51200002,.213,3
.0089999996,.003,3
-.51599997,.22499999,3
.0089999996,.003,3
-.0049999999,.0020000001,3
-.51599997,.22499999,3
.52399999,.19599999,3
.0020000001,.0020000001,3
-.537,.221,3
.0060000001,.0020000001,3
-.0049999999,.0020000001,3
.0020000001,.0020000001,3
.0089999996,.003,3
.0060000001,.0020000001,3
.0089999996,.003,3
.0049999999,.0020000001,3
-.0040000002,.0020000001,3
.52399999,.19599999,3
.51200002,.213,3
.52399999,.19599999,3
.0060000001,.0020000001,3
.0020000001,.0020000001,3
.0020000001,.0020000001,3
-.0049999999,.0020000001,3
-.0040000002,.0020000001,3
-.0040000002,.0020000001,3
.0049999999,.0020000001,3
-.537,.221,3
.0049999999,.0020000001,3
-.537,.221,3
.0020000001,.0020000001,3
-.0049999999,.0020000001,3
.0060000001,.0020000001,3
.0060000001,.0020000001,3
.0089999996,.003,3
.0020000001,.0020000001,3
.0060000001,.0020000001,3
.0049999999,.0020000001,3
.0020000001,.0020000001,3
.51200002,.213,3
-.537,.221,3
.0089999996,.003,3
-.51599997,.22499999,3
.51200002,.213,3
-.537,.221,3
.51200002,.213,3
-.0049999999,.0020000001,3
.0089999996,.003,3
.0089999996,.003,3
.0089999996,.003,3
.0089999996,.003,3
-.0040000002,.0020000001,3
.52399999,.19599999,3
-.537,.221,3
-.0049999999,.0020000001,3
.0020000001,.0020000001,3
-.0040000002,.0020000001,3
.0049999999,.0020000001,3
.0060000001,.0020000001,3
.51200002,.213,3
.0049999999,.0020000001,3
-.0040000002,.0020000001,3
-.0049999999,.0020000001,3
-.51599997,.22499999,3
.0020000001,.0020000001,3
-.51599997,.22499999,3
.090000004,.035999998,8
.12,.045000002,8
.090000004,.035999998,8
-.122,.052999999,8
.090000004,.035999998,8
.12,.045000002,8
-.122,.052999999,8
.12,.045000002,8
.090000004,.035999998,8
.12,.045000002,8
.090000004,.035999998,8
-.122,.052999999,8
.12,.045000002,8
-.122,.052999999,8
.090000004,.035999998,8
.12,.045000002,8
.12,.045000002,8
-.122,.052999999,8
-.122,.052999999,8
-.122,.052999999,8
.090000004,.035999998,8
.12,.045000002,8
.090000004,.035999998,8
-.122,.052999999,8
40,6.0999999,9
.89999998,.20999999,9
.12,.050000001,9
22.200001,8,9
33.400002,9.6999998,9
1.15,.17,9
.23999999,.15000001,9
6.2160001,.00064699998,9
.12,.050000001,9
.12,.050000001,9
.31999999,.12,9
15.8,14,9
5.1599998,2.5,9
45,7.8000002,9
8.7299995,1.86,9
18.77,2.6300001,9
28.1,6.6999998,9
57.099998,8.6000004,9
42.900002,7.6999998,9
45,7.8000002,9
1.72,.25,9
1.15,.17,9
10.62,9.3000002,9
16.299999,2.3900001,9
18.52,3.7999999e-09,9
10.1,1.58,9
11.03,1.66,9
6.46,2.03,9
-.003,.025,9
-10.54,10,9
6.1110001,.00103,9
60.299999,11,9
6.1110001,.00103,9
47.200001,10.7,9
29,13.7,9
32.139999,11.6,9
45.599998,16.299999,9
-.003,.025,9
33.400002,9.6999998,9
34.900002,5.8000002,9
-.029999999,.028999999,9
10.1,1.58,9
5.1599998,2.5,9
15.8,14,9
10.1,1.58,9
17.309999,5.9700000e-08,9
5.3699999,.000015600001,9
27.5,9.8000002,9
2.477,.13600001,9
1.15,.17,9
.16,.039999999,9
2.8699999,.13500001,9
47.200001,10.7,9
.23999999,.15000001,9
32.5,14.2,9
31.4,11.1,9
64.699997,9.8999996,9
6.46,2.03,9
45.599998,16.299999,9
.23999999,.090000004,9
27.5,9.8000002,9
1.72,.25,9
57.099998,8.6000004,9
5.3699999,.000015600001,9
6,.00082000002,9
9.8000002,8.8000002,9
18.77,2.6300001,9
2.803,.138,9
.18000001,.1,9
.18000001,.1,9
33.599998,8.8000002,9
.026000001,.030999999,9
.25,.25,9
7.3600001,3.5999999,9
.18000001,.1,9
1.0599999,.17,9
66.5,14.3,9
6.46,2.03,9
7.3600001,3.5999999,9
32.139999,11.6,9
16.299999,2.3900001,9
.026000001,.030999999,9
5.1599998,2.5,9
6.0970001,.001,9
42.900002,7.6999998,9
.25,.25,9
2.8699999,.13500001,9
18.52,3.7999999e-09,9
-.029999999,.028999999,9
34.900002,5.8000002,9
.16,.039999999,9
2.477,.13600001,9
-10.54,10,9
1.0599999,.17,9
.16,.039999999,9
11.03,1.66,9
7.3600001,3.5999999,9
.25,.25,9
.31999999,.12,9
64.699997,9.8999996,9
8.7299995,1.86,9
32.5,14.2,9
18.77,2.6300001,9
.28999999,.12,9
.23999999,.090000004,9
-25.99,13.6,9
2.803,.138,9
17.309999,5.9700000e-08,9
33.599998,8.8000002,9
-.0049999999,.021,9
6.0970001,.001,9
28.1,6.6999998,9
66.5,14.3,9
2.5799999,.119,9
-.0049999999,.021,9
40,6.0999999,9
1.72,.25,9
1.0599999,.17,9
8.7299995,1.86,9
.89999998,.20999999,9
60.299999,11,9
6,.00082000002,9
.89999998,.20999999,9
22.200001,8,9
11.03,1.66,9
2.5799999,.119,9
10.62,9.3000002,9
14.62,.000015600001,9
-25.99,13.6,9
29,13.7,9
9.8000002,8.8000002,9
.28999999,.12,9
16.299999,2.3900001,9
31.4,11.1,9
-.050000001,.017000001,13
-.029999999,.0070000002,13
-.029999999,.0070000002,13
-.026000001,.0060000001,13
-.026000001,.0060000001,13
-.050000001,.017000001,13
-.052000001,.017000001,13
-.021,.0070000002,13
-.071999997,.018999999,13
-.050000001,.017000001,13
-.052000001,.017000001,13
-.039000001,.017999999,13
-.071999997,.018999999,13
-.02,.0080000004,13
-.025,-.024,13
-.021,.0070000002,13
-.039000001,.017999999,13
-.029999999,.0070000002,13
-.02,.0080000004,13
-.039000001,.017999999,13
.0040000002,.0070000002,13
-.021,.0070000002,13
-.026000001,.0060000001,13
-.025,-.024,13
-.052000001,.017000001,13
.0040000002,.0070000002,13
-.071999997,.018999999,13
-.050999999,.017999999,13
-.021,.0070000002,13
-.02,.0080000004,13
-.021,.0070000002,13
-.021,.0070000002,13
-.025,-.024,13
-.050999999,.017999999,13
-.050999999,.017999999,13
.0040000002,.0070000002,13
-.34900001,.134,16
-20.09,7.1240001,16
-.34900001,.134,16
-.234,.104,16
-.34900001,.134,16
.039500002,.057,16
-.34900001,.134,16
.039500002,.057,16
.43900001,.19400001,16
-.234,.104,16
-.234,.104,16
-.234,.104,16
.039500002,.057,16
-.0381,.0482,16
-.234,.104,16
.039500002,.057,16
-.234,.104,16
-.34900001,.134,16
.43900001,.19400001,16
-.308,.36199999,16
.039500002,.057,16
60.490002,31.030001,16
.039500002,.057,16
.43900001,.19400001,16
-.234,.104,16
.039500002,.057,16
-.234,.104,16
-.34900001,.134,16
.039500002,.057,16
-.234,.104,16
-.234,.104,16
-.234,.104,16
.421,.191,16
.039500002,.057,16
-.234,.104,16
.43900001,.19400001,16
.039500002,.057,16
.43900001,.19400001,16
-42.970001,17.82,16
-.234,.104,16
-.34900001,.134,16
-.234,.104,16
.039500002,.057,16
.43900001,.19400001,16
.43900001,.19400001,16
-.34900001,.134,16
-.234,.104,16
-.036699999,.047200002,16
-.34900001,.134,16
-.36899999,.13,16
.43900001,.19400001,16
-.234,.104,16
-.34900001,.134,16
.43900001,.19400001,16
-.234,.104,16
-.234,.104,16
-.234,.104,16
-.089100003,.73400003,16
-.31900001,.373,16
-.234,.104,16
-.234,.104,16
-.398,.123,16
.43900001,.19400001,16
.039500002,.057,16
.43900001,.19400001,16
.43900001,.19400001,16
-.234,.104,16
17.34,7.2360001,16
-.34900001,.134,16
-.34900001,.134,16
-.234,.104,16
-.234,.104,16
-.34900001,.134,16
.039500002,.057,16
-.234,.104,16
-.234,.104,16
.43900001,.19400001,16
-.34900001,.134,16
.039500002,.057,16
-.308,.36199999,16
-32.25,7.5100002,16
-.234,.104,16
.039500002,.057,16
.43900001,.19400001,16
.039500002,.057,16
.43900001,.19400001,16
.43900001,.19400001,16
-.34900001,.134,16
-.31900001,.373,16
-.34900001,.134,16
-.34900001,.134,16
.039500002,.057,16
.43900001,.19400001,16
.039500002,.057,16
-.096299998,.79299998,16
-42.970001,17.82,16
.43900001,.19400001,16
.039500002,.057,16
.43900001,.19400001,16
.43900001,.19400001,16
.039500002,.057,16
-.34900001,.134,16
.43900001,.19400001,16
.43900001,.19400001,16
.43900001,.19400001,16
-.34900001,.134,16
-42.970001,17.82,16
-51.790001,24.790001,16
.43900001,.19400001,16
-.089100003,.73400003,16
-.34900001,.134,16
.039500002,.057,16
.352,.189,16
.43900001,.19400001,16
.039500002,.057,16
-.34900001,.134,16
.43900001,.19400001,16
-.59399998,.152,16
52.790001,40.610001,16
-.234,.104,16
.039500002,.057,16
.039500002,.057,16
-.234,.104,16
-.34900001,.134,16
.039500002,.057,16
.039500002,.057,16
.039500002,.057,16
-.34900001,.134,16
.43900001,.19400001,16
-.34900001,.134,16
.43900001,.19400001,16
.039500002,.057,16
-.234,.104,16
-.34900001,.134,16
.52399999,.219,16
-51.790001,24.790001,16
-.34900001,.134,16
-.234,.104,16
.039500002,.057,16
-.096299998,.79299998,16
.039500002,.057,16
.43900001,.19400001,16
.039500002,.057,16
-.234,.104,16
-.234,.104,16
.039500002,.057,16
-.34900001,.134,16
.43900001,.19400001,16
.43900001,.19400001,16
-.34900001,.134,16
.43900001,.19400001,16
.039500002,.057,16
-.0381,.0482,16
-.34900001,.134,16
.039500002,.057,16
.43900001,.19400001,16
.039500002,.057,16
.43900001,.19400001,16
-.234,.104,16
-.234,.104,16
-.34900001,.134,16
.039500002,.057,16
-.34900001,.134,16
.43900001,.19400001,16
-.234,.104,16
-.234,.104,16
-.34900001,.134,16
-.34900001,.134,16
-.036699999,.047200002,16
-.34900001,.134,16
-.34900001,.134,16
.43900001,.19400001,16
-.34900001,.134,16
.43900001,.19400001,16
.039500002,.057,16
1.527,3.9319999,16
-.34900001,.134,16
.57200003,1.207,20
.57200003,1.207,20
.045000002,.426,20
-.012,.0099999998,20
.045000002,.426,20
.57200003,1.207,20
-.012,.0099999998,20
-.012,.0099999998,20
-.0020000001,.0040000002,20
.045000002,.426,20
-.001,.0020000001,20
.15000001,.030999999,23
-.022,.02,23
-.011,.021,23
.34999999,.030999999,23
.023,.026000001,23
-.050999999,.02,23
-.046,.017999999,23
.052000001,.025,23
-.057999998,.023,23
.016000001,.025,23
.34999999,.029999999,23
-.050000001,.018999999,23
-.033,.018999999,23
.14,.027000001,23
.092,.027000001,23
-.054000001,.021,23
.085000001,.025,23
.27000001,.025,23
.25999999,.024,23
.067000002,.027000001,23
.152,.028999999,26
-.021,.017999999,26
.152,.028999999,26
-.094999999,.026000001,26
.028000001,.0070000002,26
.152,.028999999,26
-.14,.017999999,26
.028000001,.0070000002,26
-.094999999,.026000001,26
.152,.028999999,26
-.14,.017999999,26
.028000001,.0070000002,26
.028000001,.0070000002,26
-.139,.017999999,26
.152,.028999999,26
-.139,.017999999,26
-.14,.017999999,26
-.14,.017999999,26
-.14,.017999999,26
.152,.028999999,26
.152,.028999999,26
.152,.028999999,26
.039000001,.0089999996,26
.039000001,.0089999996,26
-.14,.017999999,26
-.022,.016000001,26
-.094999999,.026000001,26
-.139,.017999999,26
-.094999999,.026000001,26
.152,.028999999,26
.152,.028999999,26
-.14,.017999999,26
-.022,.016000001,26
-.14,.017999999,26
-.139,.017999999,26
.152,.028999999,26
-.14,.017999999,26
.152,.028999999,26
.152,.028999999,26
-.021,.017999999,26
-.022,.016000001,26
.152,.028999999,26
-.094999999,.026000001,26
.039000001,.0089999996,26
.028000001,.0070000002,26
-.021,.017999999,26
-.14,.017999999,26
-.022,.016000001,26
-.14,.017999999,26
.039000001,.0089999996,26
-.14,.017999999,26
-.021,.017999999,26
-.021,.017999999,26
.152,.028999999,26
.152,.028999999,26
-.14,.017999999,26
.152,.028999999,26
.152,.028999999,26
.152,.028999999,26
-.14,.017999999,26
-.14,.017999999,26
.152,.028999999,26
.152,.028999999,26
-.139,.017999999,26
-.14,.017999999,26
-.139,.017999999,26
-.139,.017999999,26
.039000001,.0089999996,26
-.094999999,.026000001,26
.152,.028999999,26
.152,.028999999,26
-.022,.016000001,26
-.094999999,.026000001,26
-.094999999,.026000001,26
-.139,.017999999,26
.152,.028999999,26
-.37400001,.141,28
-1.058,.146,28
1.601,.14300001,28
-.1149,.15809999,30
-.0471,.0222,30
.0229,.0060999999,30
.019300001,.0063,30
.019300001,.0063,30
.034299999,.0118,30
.0229,.0060999999,30
.0060000001,.003,30
-.0024000001,.00039999999,30
-1.3712,.46399999,30
-.87779999,.74970001,30
-.3671,.1814,30
.019300001,.0063,30
.00039999999,.00019999999,30
.0015,.00050000002,30
1.1554,.49160001,30
.0208,.041900001,30
-.061799999,.027000001,30
.0049999999,.0066999998,30
-.00030000001,.00030000001,30
.0019,.00039999999,30
.046999998,.1671,30
.8301,.67820001,30
-.86879998,.2413,30
-.00050000002,.00060000003,30
-.17460001,.069499999,30
-.0471,.0222,30
-.0024000001,.00039999999,30
-.001,.00039999999,30
-.00030000001,.00030000001,30
.0049999999,.0066999998,30
-.003,.012,30
.00039999999,.00019999999,30
.8301,.67820001,30
.0020999999,.001,30
-.86879998,.2413,30
.048099998,.024700001,30
.0208,.041900001,30
-.0185,.0092000002,30
-.00050000002,.00060000003,30
-.068700001,.024900001,30
.0049999999,.0066999998,30
-.032699998,.0104,30
.0093999999,.0136,30
-.0044,.0019,30
-.87779999,.74970001,30
.0044,.0057000001,30
.0060000001,.003,30
.022,.026699999,30
-.0185,.0092000002,30
-.0185,.0092000002,30
.0052,.0085000005,30
-.0044,.0019,30
-.189,.052900001,30
.046999998,.1671,30
-1.6,3.4590001,32
-1.505,.419,32
.82200003,3.8759999,32
.65100002,.86000001,32
3.1240001,1.04,32
2.905,.81999999,32
1.1720001,.74599999,32
.42899999,.89200002,32
-1.2079999,.52499998,32
-5.2969999,2,32
6.1009998,4.796,32
.98199999,.73199999,32
.82200003,3.8759999,32
4.428,3.737,32
1.9119999,.852,32
2.3080001,2.5969999,32
-.92900002,.56999999,32
-.92900002,.56999999,32
2.1819999,3.609,32
.49599999,.60799998,32
12.514,6.6729999,32
.49599999,.60799998,32
.18099999,.50700003,32
.18099999,.50700003,32
2.1819999,3.609,32
-.082999997,.67299998,32
3.1489999,1.017,32
.65100002,.86000001,32
-.082999997,.67299998,32
1.8839999,3.0710001,32
-1.2079999,.52499998,32
.301,.94999999,32
3.1240001,1.04,32
6.7340002,3.9460001,32
3.6659999,.91600001,32
1.8839999,3.0710001,32
.301,.94999999,32
1.395,.62800002,32
2.8269999,.86799997,32
1.138,2.3329999,32
2.3080001,2.5969999,32
.98199999,.73199999,32
-1.6,3.4590001,32
2.8269999,.86799997,32
3.6659999,.91600001,32
3.1489999,1.017,32
6.1009998,4.796,32
1.395,.62800002,32
4.428,3.737,32
-3.3510001,1.91,32
-5.2969999,2,32
6.7340002,3.9460001,32
-1.505,.419,32
.42899999,.89200002,32
1.1720001,.74599999,32
2.905,.81999999,32
-3.3510001,1.91,32
12.514,6.6729999,32
1.138,2.3329999,32
1.9119999,.852,32
.095299996,.039000001,33
.178,.063900001,33
.095299996,.039000001,33
.30500001,.111,33
.241,.090599999,33
.28299999,.092200004,33
.118,.054000001,33
.169,.0572,33
.13699999,.044799998,33
.241,.090599999,33
.30500001,.111,33
.28299999,.092200004,33
.095299996,.039000001,33
.118,.054000001,33
.169,.0572,33
.30500001,.111,33
.095299996,.039000001,33
.241,.090599999,33
.28299999,.092200004,33
.178,.063900001,33
.095299996,.039000001,33
.30500001,.111,33
.118,.054000001,33
.241,.090599999,33
.28299999,.092200004,33
.13699999,.044799998,33
.118,.054000001,33
.178,.063900001,33
.169,.0572,33
.28299999,.092200004,33
.13699999,.044799998,33
.118,.054000001,33
.169,.0572,33
.30500001,.111,33
.178,.063900001,33
.13699999,.044799998,33
.178,.063900001,33
.241,.090599999,33
.30500001,.111,33
.241,.090599999,33
.118,.054000001,33
.178,.063900001,33
.28299999,.092200004,33
.095299996,.039000001,33
-.46900001,.14399999,35
-.46900001,.14399999,35
-.46900001,.14399999,35
-.31400001,.101,35
-.31400001,.101,35
-.31400001,.101,35
.0049999999,.001,36
.0049999999,.001,36
.0049999999,.001,36
.0049999999,.001,36
.0049999999,.001,36
.0049999999,.001,36
.0049999999,.001,36
19.729,.38600001,41
18.013,.43399999,41
16.406,.65399998,41
16.608999,.61400002,41
15.337,.447,41
15.337,.447,41
19.729,.38600001,41
19.729,.38600001,41
17.818001,.31,41
19.228001,.37,41
17.818001,.31,41
19.729,.38600001,41
23.458,.99299997,41
18.013,.43399999,41
15.459,.67799997,41
26.082001,.72799999,41
19.764999,.39300001,41
16.608999,.61400002,41
15.519,.41999999,41
19.228001,.37,41
17.987,.63700002,41
18.451,.44400001,41
17.987,.63700002,41
17.049999,.29699999,41
16.902,.736,41
19.228001,.37,41
17.049999,.29699999,41
18.451,.44400001,41
17.818001,.31,41
19.228001,.37,41
15.519,.41999999,41
16.406,.65399998,41
18.013,.43399999,41
17.987,.63700002,41
19.764999,.39300001,41
15.519,.41999999,41
9.4020004,.81400001,41
16.902,.736,41
17.049999,.29699999,41
16.406,.65399998,41
16.902,.736,41
18.451,.44400001,41
16.406,.65399998,41
15.316,.41299999,41
26.082001,.72799999,41
15.337,.447,41
15.316,.41299999,41
15.316,.41299999,41
15.519,.41999999,41
15.459,.67799997,41
18.013,.43399999,41
23.458,.99299997,41
19.764999,.39300001,41
26.082001,.72799999,41
19.764999,.39300001,41
15.459,.67799997,41
9.4020004,.81400001,41
23.458,.99299997,41
15.316,.41299999,41
15.459,.67799997,41
16.608999,.61400002,41
17.049999,.29699999,41
9.4020004,.81400001,41
16.902,.736,41
15.337,.447,41
9.4020004,.81400001,41
18.451,.44400001,41
17.987,.63700002,41
17.818001,.31,41
16.608999,.61400002,41
23.458,.99299997,41
26.082001,.72799999,41
.0099999998,.018999999,43
.99000001,.28600001,43
1.068,.259,43
.79799998,.226,43
1.071,.26699999,43
-.391,.447,43
1.071,.26699999,43
1.071,.26699999,43
1.064,.264,43
1.071,.26699999,43
1.071,.26699999,43
.82499999,.233,43
1.071,.26699999,43
1.071,.26699999,43
-.056000002,.018999999,43
1.071,.26699999,43
-.0070000002,.25999999,43
.73500001,.31299999,43
.31600001,.14,44
.257,.125,44
.257,.125,44
.257,.125,44
.31600001,.14,44
.31600001,.14,44
.31600001,.14,44
.257,.125,44
.31600001,.14,44
.31600001,.14,44
.257,.125,44
.31600001,.14,44
.257,.125,44
.257,.125,44
.31600001,.14,44
.257,.125,44
.257,.125,44
.31600001,.14,44
.257,.125,44
.257,.125,44
.31600001,.14,44
.257,.125,44
.31600001,.14,44
.257,.125,44
.257,.125,44
.31600001,.14,44
.31600001,.14,44
.257,.125,44
.31600001,.14,44
.257,.125,44
.31600001,.14,44
.31600001,.14,44
-.037,.015,45
-.167,.071999997,45
2.964,2.4289999,45
-.045000002,.075000003,45
.11,.017000001,45
-.045000002,.075000003,45
-.167,.071999997,45
-.037,.015,45
-.017999999,.015,45
-.219,.022,45
12.295,1.48,45
-.219,.022,45
1.251,1.984,45
-.072999999,.012,45
-.017999999,.015,45
-.072999999,.012,45
2.964,2.4289999,45
-.037999999,.014,45
1.251,1.984,45
.071000002,.032000002,45
0,.011,45
-.29100001,.043000001,45
12.295,1.48,45
.071000002,.032000002,45
-.29100001,.043000001,45
.11,.017000001,45
-.037999999,.014,45
-.66000003,.27000001,46
.16,.97000003,46
1.13,.38,46
-1.1900001,1.6,46
1.87,.56,46
1.3099999,.58999997,46
-1.27,.40000001,46
-1.1,.50999999,46
.056000002,.0070000002,48
.024,.0089999996,48
.032000002,.0070000002,48
.026000001,.0089999996,48
.30000001,.021,48
.1,.055,48
81.989998,23.559999,48
.041000001,.0125,48
.032000002,.011,48
.045000002,.012,48
-.059999999,.052000001,48
.018999999,.012,48
.039999999,.0080000004,48
.044,.0080000004,48
.039999999,.0080000004,48
.027000001,.0089999996,48
.016000001,.016000001,48
79.639999,22.860001,48
.037999999,.0080000004,48
-.026000001,.044,48
.030999999,.014,48
.023,.0080000004,48
-.026000001,.044,48
-.026000001,.044,48
-.49000001,.045000002,48
.032000002,.0080000004,48
.037,.02,48
.043000001,.046999998,48
.022,.0089999996,48
.028999999,.014,48
.027000001,.0089999996,48
.039000001,.021,48
.023,.0080000004,48
.023,.0080000004,48
.032000002,.011,48
.026000001,.014,48
.016000001,.016000001,48
.033,.0070000002,48
.0040000002,.016000001,48
.016000001,.016000001,48
.026000001,.014,48
.022,.0089999996,48
.022,.0089999996,48
.032000002,.0070000002,48
.039000001,.021,48
.032000002,.011,48
.023,.048999999,48
79.639999,22.860001,48
.017999999,.0089999996,48
-.0089999996,.026000001,48
.034000002,.011,48
.039000001,.0211,48
.0080000004,.0070000002,48
.032000002,.0080000004,48
68.860001,20.559999,48
.0040000002,.016000001,48
.037,.02,48
-.012,.0070000002,48
.024,.0089999996,48
.044,.0080000004,48
.037,.0070000002,48
.056000002,.0070000002,48
.027000001,.0092900004,48
81.830002,38.59,48
.032000002,.0070000002,48
.037,.0070000002,48
-.018999999,.057999998,48
.018999999,.012,48
81.989998,23.559999,48
.027000001,.0089999996,48
.026000001,.0089999996,48
-.016000001,-.026000001,48
.0040000002,.015799999,48
57.630001,25.690001,48
.0040000002,.016000001,48
.026000001,.0089999996,48
.045000002,.012,48
.039000001,.021,48
.016000001,.016000001,48
.026000001,.014,48
-.016000001,.028000001,48
.032000002,.011,48
.0040000002,.016000001,48
.014,.046,48
-.001,.003,48
57.630001,25.690001,48
.127,.057,48
.037,.02,48
.024,.0089999996,48
.041000001,.012,48
.0080000004,.0070000002,48
.039000001,.021,48
.037,.02,48
-.0040000002,.052999999,48
-.013,.0060000001,48
.046,.0070000002,48
.041000001,.012,48
.026000001,.0089999996,48
.041000001,.012,48
68.860001,20.559999,48
.033,.012,48
46.566002,21.200001,48
.018999999,.012,48
.075000003,.046999998,48
.027000001,.0089999996,48
-.0089999996,.026000001,48
.037999999,.0080000004,48
.016000001,.0089999996,48
46.566002,21.200001,48
.033,.012,48
.026000001,.0089999996,48
.039999999,.0080000004,48
.039000001,.021,48
.028999999,.014,48
-.016000001,-.026000001,48
.033,.0070000002,48
.046,.0070000002,48
.033,.0070000002,48
.034000002,.011,48
.014,.046,48
.041000001,.012,48
46.556,21.200001,48
-.0089999996,.026000001,48
.014,.046,48
.037,.02,48
.016000001,.016000001,48
.085000001,.061000001,48
.0080000004,.0070000002,48
.032000002,.011,48
-.154,.028000001,49
-.154,.028000001,49
-.154,.028000001,49
-.88999999,.052999999,49
-.097999997,.028000001,49
-.123,.054000001,49
-.097999997,.028000001,49
-.097999997,.028000001,49
-.097999997,.028000001,49
-.097999997,.028000001,49
-.154,.028000001,49
-.097999997,.028000001,49
-.090000004,.027000001,49
-.123,.026000001,49
-.154,.028000001,49
-.097999997,.028000001,49
-.123,.026000001,49
-.090000004,.027000001,49
-.123,.026000001,49
-.154,.028000001,49
-.090000004,.027000001,49
-.154,.028000001,49
-.99000001,.648,50
4.04,.075000003,50
-2.1600001,.212,50
.14,.0020000001,50
2.3699999,.045000002,50
16.200001,.27500001,50
.15000001,.033,50
-1.62,.61799997,50
.028999999,.759,50
-2.1600001,.212,50
-1.1799999,.77899998,50
5.9200001,.25600001,50
.071000002,.057,50
.037,.405,50
-.54000002,.86400002,50
-1.14,.87400001,50
5.8600001,.14399999,50
-.66000003,.17857143,51
-.66000003,.17857143,51
-.66000003,.17857143,51
.11,.079800002,52
.34,.33419999,52
2.4100001,.33419999,52
118.3,39.619999,52
-.0040000002,.0035999999,52
.55000001,.46169999,52
1.48,.68370003,52
1.13,.58420002,52
.079999998,.0128,52
.0020000001,.0055999998,52
-3.1170001,28.43,52
.20999999,.048500001,52
.85000002,.1582,52
185.7,12.56,52
.38,.0867,52
106.7,18.719999,52
.079999998,.0128,52
.57999998,.102,52
1.3,.1709,52
-.458,.1337,52
.87,.1327,52
.12,.0128,52
134.39999,22.559999,52
.245,.0298,52
20.610001,39.849998,52
.60000002,.301,52
-18.85,29.049999,52
1.61,.30360001,52
1.8200001,.1301,52
-.082000002,.095899999,52
.49000001,.1301,52
.30000001,.040800001,52
-3.27,31.9,52
-.0040000002,.00079999998,52
2.3299999,.52039999,52
1.78,.227,52
.021,.090099998,52
.34,.33419999,52
-3.2130001,31.129999,52
1.1799999,.375,52
-.077,.2184,52
192,18.98,52
105,12.25,52
.20999999,.048500001,52
1.6799999,.3163,52
177.8,22.040001,52
103.6,45.25,52
1.35,.2321,52
.175,.085000001,53
.708,.044,53
-1.09,.18000001,53
.15800001,.092,53
.205,.093999997,53
-1.089,.17900001,53
.15800001,.092,53
.708,.044,53
.205,.093999997,53
.29699999,.035999998,53
.708,.045000002,53
.73400003,.44,53
.73400003,.44,53
.205,.093999997,53
.175,.085000001,53
.73400003,.44,53
.29699999,.035999998,53
.175,.085000001,53
.29699999,.035999998,53
.15800001,.092,53
-1.089,.17900001,53
11142,1494,54
11142,1494,54
1769,403,54
26324,3609,54
1769,403,54
26324,3609,54
1769,403,54
539,75,54
7536,1449,54
-367,718,54
1769,403,54
26324,3609,54
7536,1449,54
539,75,54
539,75,54
11142,1494,54
-367,718,54
-367,718,54
5705,591,54
7536,1449,54
7536,1449,54
26324,3609,54
5705,591,54
539,75,54
-367,718,54
26324,3609,54
11142,1494,54
5705,591,54
539,75,54
7536,1449,54
1769,403,54
-367,718,54
539,75,54
-367,718,54
5705,591,54
1769,403,54
7536,1449,54
11142,1494,54
5705,591,54
11142,1494,54
26324,3609,54
5705,591,54
1.168,.45500001,55
.122,.43399999,55
-.115,.331,55
.122,.43399999,55
.58899999,.2,55
.317,.42300001,55
.99199998,.44999999,55
.58899999,.2,55
-.115,.331,55
.99199998,.44999999,55
1.168,.45500001,55
.317,.42300001,55
1.7079999,.50099999,56
2.4849999,.55000001,56
4.7059999,1.523,56
1.7079999,.50099999,56
2.4849999,.55000001,56
4.7059999,1.523,56
.93099999,.116,62
-1.2410001,.184,62
-1.2410001,.184,62
-1.2410001,.184,62
1.226,.132,62
.93099999,.116,62
-.294,.122,62
-1.2410001,.184,62
1.226,.132,62
-1.2410001,.184,62
-1.2410001,.184,62
1.226,.132,62
.93099999,.116,62
-.294,.122,62
1.226,.132,62
1.226,.132,62
-.294,.122,62
1.226,.132,62
-.001,.0040000002,63
.60699999,.034000002,63
.001,.001,63
.60699999,.034000002,63
.69700003,.035,63
.62300003,.037999999,63
-.31600001,.054000001,63
0,.001,63
.001,.001,63
0,.001,63
.60699999,.034000002,63
-.025,.003,63
.60699999,.034000002,63
-.31600001,.054000001,63
.62300003,.037999999,63
-.022,.003,63
.69300002,.039000001,63
.69700003,.035,63
-.022,.003,63
0,.001,63
0,.001,63
.60699999,.034000002,63
.001,.001,63
.055,.58099997,63
.001,.001,63
-.022,.003,63
0,.001,63
.001,.001,63
.001,.001,63
-.022,.003,63
-.025,.003,63
0,.001,63
-.001,.0040000002,63
-.022,.003,63
-.41800001,.048,63
-.41800001,.048,63
.001,.001,63
.69300002,.039000001,63
.092,.090000004,63
-.041999999,.023,66
-.075000003,.027000001,66
.098999999,.018999999,66
-.075000003,.027000001,66
-.048999999,.025,66
-.046,.028999999,66
.107,.022,66
-.090999998,.028999999,66
-.064000003,.026000001,66
-.048999999,.025,66
-.075000003,.027000001,66
-.055,.022,66
-.055,.022,66
.107,.022,66
.107,.022,66
-.048999999,.025,66
.113,.022,66
-.059,.025,66
.103,.018999999,66
-.064000003,.026000001,66
.107,.022,66
-.064000003,.026000001,66
.103,.018999999,66
-.067000002,.024,66
-.064000003,.026000001,66
-.064000003,.026000001,66
.098999999,.018999999,66
-.046,.028999999,66
-.064000003,.026000001,66
-.055,.022,66
.113,.022,66
-.050000001,.023,66
-.046,.028999999,66
-.075000003,.027000001,66
-.064000003,.026000001,66
-.055,.022,66
-.041999999,.023,66
-.064000003,.026000001,66
-.055,.022,66
-.075000003,.027000001,66
.103,.018999999,66
-.064000003,.026000001,66
-.048999999,.025,66
.097999997,.018999999,66
.107,.022,66
-.055,.022,66
-.075000003,.027000001,66
-.048999999,.025,66
-.055,.022,66
.098999999,.018999999,66
-.041999999,.023,66
.107,.022,66
-.064000003,.026000001,66
-.055,.022,66
-.041999999,.023,66
-.064000003,.026000001,66
.106,.022,66
-.075000003,.027000001,66
.103,.018999999,66
-.055,.022,66
-.054000001,.023,66
-.064000003,.026000001,66
-.064000003,.026000001,66
-.075000003,.027000001,66
-.046,.028999999,66
-.048999999,.025,66
-.075000003,.027000001,66
-.055,.022,66
-.082000002,.028000001,66
.113,.022,66
-.046,.028999999,66
-.075000003,.027000001,66
-.055,.022,66
-.064000003,.026000001,66
.103,.018999999,66
.098999999,.018999999,66
-.075000003,.027000001,66
.098999999,.018999999,66
-.075000003,.027000001,66
-.067000002,.024,66
.103,.018999999,66
.101,.018999999,66
-.055,.022,66
-.075000003,.027000001,66
-.090999998,.028999999,66
-.075000003,.027000001,66
-.041999999,.023,66
-.082000002,.028000001,66
-.041999999,.023,66
-.041999999,.023,66
-.055,.022,66
-.048999999,.025,66
-.046,.028999999,66
-.055,.022,66
.098999999,.018999999,66
.098999999,.018999999,66
.103,.018999999,66
.107,.022,66
-.046,.028999999,66
2.2079999,.51599997,67
.83499998,.70499998,67
.44600001,.090000004,67
.037,.039000001,67
1.465,.37,67
3.4820001,1.441,67
-1.933,3.188,67
1.245,.382,67
1.465,.37,67
.31299999,.30599999,67
.17,.035999998,67
-.079999998,.17299999,67
6.3860002,3.5239999,67
.079999998,.071000002,67
-35.283001,14.405,67
.73699999,.38100001,67
.197,.085000001,67
-16.094,6.553,67
10.146,4.119,67
1.3099999,.91100001,67
1.465,.37,67
-.20900001,.113,67
.72299999,.26199999,67
37.412998,15.758,67
-.38100001,.163,67
.954,.49700001,67
3.4820001,1.441,67
-.029999999,.0070000002,67
1.465,.37,67
.51300001,.229,67
3.4820001,1.441,67
2.2460001,.55000001,67
1.465,.37,67
-.024,.0049999999,67
1.612,2.2279999,67
3.4820001,1.441,67
18.683001,11.15,67
3.4820001,1.441,67
1.465,.37,67
-5.6350002,3.7720001,67
21.275,10.357,67
1.1569999,.354,67
-.241,.102,67
3.4820001,1.441,67
-.241,.102,67
-.241,.102,67
11.796,6.888,67
.045299999,.0173,70
.037999999,.0166,70
.037999999,.0166,70
.037999999,.0166,70
.037999999,.0166,70
.036899999,.017200001,70
.0427,.017200001,70
.045299999,.0173,70
.034000002,.0166,70
.037999999,.0166,70
.037999999,.0166,70
.034000002,.0166,70
.037999999,.0166,70
.037999999,.0166,70
.0427,.017200001,70
.036899999,.017200001,70
.78500003,.57599998,71
.31999999,.671,71
2.5339999,.60500002,71
2.194,.463,71
.58600003,.65600002,71
3.0320001,.866,71
6.7659998,1.654,71
1.054,.597,71
.78500003,.57599998,71
.191,.62300003,71
.081,.62800002,71
1.054,.597,71
.081,.62800002,71
1.443,.71399999,71
.509,.64499998,71
2.0239999,.51899999,71
.191,.62300003,71
2.5339999,.60500002,71
.86000001,.542,71
.509,.64499998,71
6.7659998,1.654,71
.58600003,.65600002,71
2.0239999,.51899999,71
2.5339999,.60500002,71
.191,.62300003,71
2.0239999,.51899999,71
.509,.64499998,71
-.93599999,1.444,71
.78500003,.57599998,71
.59500003,.73299998,71
6.7659998,1.654,71
.081,.62800002,71
.58600003,.65600002,71
1.2920001,.73199999,71
.764,.94499999,71
2.194,.463,71
1.7130001,.98100001,71
2.4760001,.704,71
1.416,.50999999,71
1.054,.597,71
.011,.0080000004,72
.052999999,.021,72
-.011,.017000001,72
.145,.016000001,72
.12,.02,72
.16,.018999999,72
.082999997,.011,72
.012,.0089999996,72
.001,.028000001,72
.12899999,.02,72
-.0040000002,.063000001,72
.024,.034000002,72
.013,.0060000001,72
.011,.0080000004,72
.085000001,.02,72
.25999999,.028999999,72
.024,.034000002,72
.063000001,.028999999,72
-.0089999996,.018999999,72
.085000001,.02,72
.111,.025,72
.018999999,.013,72
.19599999,.021,72
0,.026000001,72
.052999999,.021,72
-.0060000001,.025,72
.142,.026000001,72
.022,.011,72
.029999999,.024,72
.050999999,.012,72
-.0089999996,.018999999,72
.015,.017999999,72
.18000001,.02,72
.25999999,.028999999,72
.086000003,.026000001,72
.07,.018999999,72
.014,.048,72
.003,.0099999998,72
.15800001,.025,72
.102,.018999999,72
.19599999,.02,72
.16,.018999999,72
-.079000004,.074000001,72
.026000001,.025,72
.12,.02,72
.013,.0060000001,72
.052000001,.028999999,72
.022,.011,72
-.024,.029999999,72
.31099999,.039999999,72
.227,.025,72
-.021,.013,72
.037999999,.0080000004,72
.142,.026000001,72
.12899999,.02,72
-.024,.029999999,72
.082999997,.011,72
.027000001,.017000001,72
.046999998,.028000001,72
.161,.025,72
.0060000001,.017999999,72
-.025,.018999999,72
.029999999,.024,72
.013,.0060000001,72
.19599999,.021,72
.001,.028000001,72
.07,.018999999,72
.026000001,.025,72
.011,.0080000004,72
.0070000002,.02,72
-.025,.018999999,72
.0070000002,.02,72
-.0040000002,.063000001,72
-.079000004,.074000001,72
.039999999,.016000001,72
.086000003,.026000001,72
.111,.025,72
.227,.025,72
.028000001,.030999999,72
.18000001,.02,72
-.021,.034000002,72
-.025,.018999999,72
.014,.048,72
.032000002,.043000001,72
0,.026000001,72
-.0060000001,.025,72
.145,.016000001,72
.012,.0089999996,72
.037999999,.017000001,72
.227,.025,72
.104,.023,72
.027000001,.017000001,72
.21799999,.028000001,72
-.011,.017000001,72
.028000001,.030999999,72
.015,.017000001,72
.057999998,.033,72
.039999999,.024,72
.030999999,.017000001,72
.19599999,.02,72
.21799999,.028000001,72
.037999999,.0080000004,72
.15800001,.025,72
.029999999,.024,72
-.0060000001,.046999998,72
.16,.018999999,72
.030999999,.017000001,72
.068000004,.028000001,72
.19599999,.021,72
.059999999,.061999999,72
.086000003,.026000001,72
.028000001,.017000001,72
.16,.018999999,72
.039999999,.016000001,72
.085000001,.02,72
.0060000001,.017999999,72
.018999999,.013,72
.119,.016000001,72
.052000001,.028999999,72
.0060000001,.017999999,72
.102,.018999999,72
.204,.028999999,72
.037999999,.017000001,72
.18000001,.02,72
.0049999999,.018999999,72
.029999999,.024,72
.102,.018999999,72
.31099999,.039999999,72
.227,.025,72
.19599999,.021,72
.050999999,.012,72
-.0060000001,.046999998,72
.059999999,.061999999,72
-.039000001,.021,72
.028000001,.017000001,72
.046999998,.028000001,72
.19599999,.02,72
-.039000001,.021,72
.068000004,.028000001,72
.003,.0099999998,72
.104,.023,72
.032000002,.043000001,72
.119,.016000001,72
.092,.018999999,72
.204,.028999999,72
.12,.02,72
.015,.017000001,72
-.0089999996,.018999999,72
-.011,.017000001,72
.12899999,.02,72
.015,.017999999,72
.145,.016000001,72
.0049999999,.018999999,72
-.021,.013,72
.18000001,.02,72
-.025,.018999999,72
-.021,.034000002,72
.092,.018999999,72
.0049999999,.018999999,72
.161,.025,72
.063000001,.028999999,72
.057999998,.033,72
.039999999,.024,72
298,160,74
.07,.050000001,74
198,95,74
.07,.050000001,74
.07,.050000001,74
111,86,74
5.8899999,1.8,74
-.11,.07,74
316,116,74
-.11,.07,74
198,95,74
.07,.050000001,74
111,86,74
5.8899999,1.8,74
4.5300002,1.8099999,74
-.11,.07,74
316,116,74
316,116,74
4.5300002,1.8099999,74
298,160,74
111,86,74
-11,9,74
316,116,74
298,160,74
-11,9,74
-11,9,74
-11,9,74
198,95,74
4.5300002,1.8099999,74
-.11,.07,74
4.5300002,1.8099999,74
5.8899999,1.8,74
298,160,74
5.8899999,1.8,74
198,95,74
111,86,74
-.11,.07,74
-.11,.07,74
-.25400001,.27000001,75
.94199997,.050000001,75
.213,.20999999,75
-.479,.23999999,75
.61299998,.050000001,75
.81,.059999999,75
.125,.18000001,75
.93300003,.050000001,75
-.34299999,.23999999,75
-.396,.23999999,75
1.2,.039999999,75
-.245,.27000001,75
-.396,.23999999,75
.164,.20999999,75
1.1109999,.050000001,75
.62199998,.050000001,75
.94800001,.050000001,75
.76599997,.050000001,75
-.30199999,.23999999,75
.213,.20999999,75
-.479,.23999999,75
.77700001,.050000001,75
.14300001,.17,75
.17200001,.20999999,75
-.035,.015,76
-.223,.103,76
-.016000001,.017999999,76
.082999997,.28299999,76
-3.8180001,.97799999,76
-.169,.31099999,76
-1.921,1.041,76
-.035,.015,76
-.024599999,.0099999998,76
-.0147,.0113,76
-.0088,.0252,76
-3.089,1.03,76
-.052999999,.017999999,76
-.237,.079000004,76
-.061999999,.022,76
-.147,.052000001,76
.0178,.026000001,76
-.223,.103,76
-.016000001,.017999999,76
-3.089,1.03,76
-.035,.015,76
-.0077,.0296,76
.02,.015,76
0,.013,76
-.142,.228,76
-3.8180001,.97799999,76
-1.921,1.041,76
-.024599999,.0099999998,76
.0057000001,.021,76
-1.921,1.041,76
-.147,.052000001,76
.026000001,.017999999,76
.0057000001,.021,76
-.147,.052000001,76
-.223,.103,76
-.142,.228,76
-.024599999,.0099999998,76
-.016000001,.017999999,76
.082999997,.28299999,76
-.13,.28400001,76
-.033799998,.0109,76
.082999997,.28299999,76
0,.013,76
-.035,.015,76
.02,.015,76
.082999997,.28299999,76
.0057000001,.021,76
-.237,.079000004,76
-.061999999,.022,76
-.0077,.0296,76
-.142,.228,76
-.169,.31099999,76
-.054000001,.13600001,76
-.0088,.0252,76
-3.026,.84600002,76
-.024599999,.0099999998,76
-.147,.052000001,76
-.054000001,.13600001,76
-.223,.103,76
-.0265,.0083999997,76
-.0080000004,.022,76
-.016000001,.017999999,76
-3.026,.84600002,76
-.0265,.0083999997,76
-3.026,.84600002,76
.02,.015,76
-.0147,.0113,76
-.13,.28400001,76
.02,.015,76
.026000001,.017999999,76
-.169,.31099999,76
-.054000001,.13600001,76
.026000001,.017999999,76
-.0265,.0083999997,76
0,.013,76
-3.089,1.03,76
.026000001,.017999999,76
.082999997,.28299999,76
.0178,.026000001,76
-.0080000004,.022,76
-1.921,1.041,76
.0057000001,.021,76
-.061999999,.022,76
-.237,.079000004,76
-.024599999,.0099999998,76
-.0147,.0113,76
-.033799998,.0109,76
-1.921,1.041,76
-.052999999,.017999999,76
-.169,.31099999,76
.02,.015,76
.0178,.026000001,76
0,.013,76
-.13,.28400001,76
-.223,.103,76
-.13,.28400001,76
.026000001,.017999999,76
-.035,.015,76
-.0080000004,.022,76
-.054000001,.13600001,76
-.024599999,.0099999998,76
-.169,.31099999,76
-.035,.015,76
.02,.015,76
-.0080000004,.022,76
.02,.015,76
.026000001,.017999999,76
-3.026,.84600002,76
-.033799998,.0109,76
-.016000001,.017999999,76
-.052999999,.017999999,76
.0178,.026000001,76
-.147,.052000001,76
-.033799998,.0109,76
-.237,.079000004,76
-.237,.079000004,76
-.061999999,.022,76
-.0265,.0083999997,76
-3.8180001,.97799999,76
-.0147,.0113,76
-.147,.052000001,76
-.0077,.0296,76
-.0088,.0252,76
-.0077,.0296,76
-.147,.052000001,76
-.0077,.0296,76
-.016000001,.017999999,76
-.052999999,.017999999,76
-3.8180001,.97799999,76
-.237,.079000004,76
-.054000001,.13600001,76
-.0077,.0296,76
-3.8180001,.97799999,76
-.13,.28400001,76
-.237,.079000004,76
-.13,.28400001,76
-.0088,.0252,76
-.0147,.0113,76
-.033799998,.0109,76
-.054000001,.13600001,76
-.169,.31099999,76
-3.8180001,.97799999,76
.0178,.026000001,76
-.061999999,.022,76
-1.921,1.041,76
-3.026,.84600002,76
-.0088,.0252,76
-.237,.079000004,76
-.0077,.0296,76
-.0265,.0083999997,76
-.0265,.0083999997,76
-.052999999,.017999999,76
-.0147,.0113,76
-.061999999,.022,76
.0057000001,.021,76
-.169,.31099999,76
.02,.015,76
-.0265,.0083999997,76
-3.026,.84600002,76
.026000001,.017999999,76
-.061999999,.022,76
-.061999999,.022,76
-.024599999,.0099999998,76
-3.8180001,.97799999,76
-.052999999,.017999999,76
.0178,.026000001,76
-1.921,1.041,76
-3.8180001,.97799999,76
-3.089,1.03,76
-.0080000004,.022,76
-.033799998,.0109,76
-.223,.103,76
-.024599999,.0099999998,76
-3.026,.84600002,76
-.0077,.0296,76
-1.921,1.041,76
-.035,.015,76
0,.013,76
-.0265,.0083999997,76
-.033799998,.0109,76
-.142,.228,76
-.016000001,.017999999,76
-.142,.228,76
-.016000001,.017999999,76
-.0088,.0252,76
-.0080000004,.022,76
-.13,.28400001,76
.0178,.026000001,76
-.169,.31099999,76
-.052999999,.017999999,76
-.054000001,.13600001,76
-.0147,.0113,76
-3.089,1.03,76
-.147,.052000001,76
-.13,.28400001,76
-3.089,1.03,76
.082999997,.28299999,76
-.142,.228,76
-.142,.228,76
-.142,.228,76
-.0147,.0113,76
0,.013,76
-3.089,1.03,76
-3.026,.84600002,76
-.033799998,.0109,76
0,.013,76
.082999997,.28299999,76
0,.013,76
-.054000001,.13600001,76
-.0080000004,.022,76
-.052999999,.017999999,76
.0178,.026000001,76
.026000001,.017999999,76
.0057000001,.021,76
-.0088,.0252,76
-.223,.103,76
-.0080000004,.022,76
-.035,.015,76
.0057000001,.021,76
-.0088,.0252,76
.082999997,.28299999,76
.0057000001,.021,76
-3.089,1.03,76
-.223,.103,76
.045000002,.057,79
.045000002,.057,79
.013,.085000001,79
-.030999999,.086999997,79
.109,.079999998,79
.013,.085000001,79
-.063000001,.057,79
-.0040000002,.106,79
-.030999999,.086999997,79
.109,.079999998,79
-.0040000002,.106,79
-.063000001,.057,79
.242,.097000003,79
.139,.079999998,79
-.063000001,.057,79
.242,.097000003,79
.139,.079999998,79
.045000002,.057,79
.139,.079999998,79
.013,.085000001,79
-.030999999,.086999997,79
-.0040000002,.106,79
.242,.097000003,79
.109,.079999998,79
2752.7009,569.789,81
3559.4641,725.716,81
1275.64,459.29999,81
2377.4871,608.67499,81
-1265.233,575.034,81
118.19,388.98999,81
.030999999,.17299999,81
1157.509,752.15198,81
.30899999,.234,81
.093000002,.31099999,81
.206,.2,81
-.18000001,.088,81
.30899999,.234,81
820.95001,582.59003,81
-342.43799,538.08398,81
.37,.17,81
118.19,388.98999,81
.02,.18000001,81
590.95001,235,81
2167.9399,627.62,81
1288.719,423.68799,81
-.081,.27599999,81
1157.509,752.15198,81
590.95001,235,81
-.07,.30000001,81
.115,.20200001,81
3559.4641,725.716,81
.19,.19,81
453.22,785.54999,81
.32600001,.164,81
1107.33,404.91,81
139.78,347.92001,81
820.95001,582.59003,81
.22,.090000004,81
.115,.20200001,81
2752.7009,569.789,81
-652.922,437.70001,81
1127.8,340.57999,81
2261.1299,802.97998,81
1576.349,868.32001,81
-.030999999,.20999999,81
1867.939,792.34302,81
.17,.090000004,81
-342.43799,538.08398,81
.47999999,.31,81
2377.4871,608.67499,81
.40000001,.16,81
.32600001,.164,81
.79799998,.30199999,81
-1265.233,575.034,81
2752.7009,569.789,81
1599.6429,498.87399,81
.79799998,.30199999,81
1599.6429,498.87399,81
2377.4871,608.67499,81
1576.349,868.32001,81
2261.1299,802.97998,81
-656.104,412.129,81
1301.83,557.19,81
.67000002,.31,81
.63200003,.18000001,81
.63200003,.18000001,81
-652.922,437.70001,81
2167.9399,627.62,81
1301.83,557.19,81
-656.104,412.129,81
606.85999,290.23999,81
453.22,785.54999,81
.34,.20999999,81
1867.939,792.34302,81
.206,.2,81
139.78,347.92001,81
.24699999,.24600001,81
1127.8,340.57999,81
1599.6429,498.87399,81
1288.719,423.68799,81
-.081,.27599999,81
.093000002,.31099999,81
606.85999,290.23999,81
1107.33,404.91,81
3559.4641,725.716,81
0,.18000001,81
1867.939,792.34302,81
.24699999,.24600001,81
.07,.28999999,81
1576.349,868.32001,81
1288.719,423.68799,81
1275.64,459.29999,81
1157.509,752.15198,81
-.22,.050000001,82
.19,.07,82
.029999999,.039999999,82
-.1,.039999999,82
.13,.050000001,82
-.1,.039999999,82
-.039999999,.079999998,82
.050000001,.16,82
.12,.050000001,82
-.07,.079999998,82
-.12,.039999999,82
.079999998,.07,82
.28,.090000004,82
-.1,.039999999,82
.18000001,.07,82
.223,.057,82
.19,.059999999,82
-.13,.050000001,82
.02,.090000004,82
-.029999999,.14,82
.113,.043000001,82
-.1,.039999999,82
.02,.050000001,82
-.050000001,.07,82
.13,.059999999,82
-.20999999,.050000001,82
.029999999,.039999999,82
.029999999,.039999999,82
.114,.048999999,82
-.079999998,.07,82
.12,.039999999,82
-.059999999,.059999999,82
.27000001,.1,82
-.1,.039999999,82
.27000001,.1,82
-.039999999,.028000001,82
-.123,.041999999,82
-.02,.15000001,82
-.11,.039999999,82
-.12,.039999999,82
-.16,.039999999,82
.0099999998,.050000001,82
-.050000001,.07,82
-.13,.059999999,82
-.1,.039999999,82
.113,.043000001,82
.0099999998,.050000001,82
-.039999999,.079999998,82
.050000001,.059999999,82
.28,.090000004,82
-.1,.039999999,82
.02,.039999999,82
-.066,.079000004,82
.25999999,.12,82
.18000001,.07,82
.22,.050000001,82
.19,.059999999,82
-.23,.050000001,82
.19,.059999999,82
-.07,.079999998,82
.28,.090000004,82
-.12,.041999999,82
-.0099999998,.079999998,82
.050000001,.059999999,82
-.1,.039999999,82
-.039999999,.029999999,82
-.22,.050000001,82
-.19,.059999999,82
-.039999999,.029999999,82
-.1,.039999999,82
-.039999999,.079999998,82
-.22,.050000001,82
.029999999,.23999999,82
.02,.050000001,82
-.14,.050000001,82
-.07,.090000004,82
-.23,.050000001,82
.0099999998,.050000001,82
.17,.1,82
-.079999998,.07,82
-.12,.1,82
-.059999999,.11,82
-.059999999,.11,82
-.050000001,.07,82
-.050000001,.07,82
.050000001,.16,82
.029999999,.23999999,82
-.16,.039999999,82
-.066,.079000004,82
-.13,.050000001,82
.02,.039999999,82
-.067000002,.078000002,82
.22,.059999999,82
-.02,.15000001,82
-.039999999,.029999999,82
.22,.059999999,82
.206,.054000001,82
.02,.039999999,82
-.039999999,.029999999,82
-.050000001,.029999999,82
.13,.059999999,82
.114,.048999999,82
.19,.059999999,82
-.22,.050000001,82
-.13,.059999999,82
.029999999,.23999999,82
-.029999999,.14,82
.079999998,.1,82
-.25999999,.17,82
-.1,.039999999,82
-.059999999,.079999998,82
-.11,.039999999,82
.25999999,.1,82
.19,.059999999,82
-.07,.078000002,82
-.14,.050000001,82
.13,.050000001,82
.02,.090000004,82
.079999998,.07,82
-.050000001,.029999999,82
-.17,.07,82
-.11,.039999999,82
.12,.039999999,82
-.123,.041999999,82
-.13,.059999999,82
.029999999,.039999999,82
-.1,.039999999,82
.22,.050000001,82
.12,.050000001,82
.15000001,.079999998,82
0,.1,82
-.059999999,.079999998,82
-.1,.039999999,82
.13,.050000001,82
.0099999998,.050000001,82
.16,.090000004,82
.050000001,.059999999,82
-.11,.039999999,82
-.039999999,.079999998,82
-.050000001,.029999999,82
.0099999998,.050000001,82
-.11,.039999999,82
-.15000001,.12,82
-.1,.039999999,82
.11,.039999999,82
-.106,.044,82
-.07,.079999998,82
-.07,.078000002,82
.11,.039999999,82
-.13,.059999999,82
-.039000001,.028999999,82
.029999999,.039999999,82
-.1,.039999999,82
-.041000001,.028000001,82
.15000001,.079999998,82
-.1,.039999999,82
-.059999999,.059999999,82
.02,.039999999,82
-.07,.15000001,82
-.119,.043000001,82
.12,.039999999,82
-.050000001,.029999999,82
.22,.050000001,82
-.039999999,.029999999,82
.22,.090000004,82
.02,.13,82
-.0099999998,.079999998,82
-.13,.050000001,82
.19,.059999999,82
.02,.050000001,82
-.039999999,.079999998,82
.02,.039999999,82
-.1,.039999999,82
.22,.059999999,82
.14,.090000004,82
.02,.039999999,82
-.1,.039999999,82
-.07,.079999998,82
-.07,.090000004,82
-.19,.059999999,82
.21600001,.054000001,82
-.1,.039999999,82
-.104,.044,82
-.22,.050000001,82
.21600001,.054000001,82
-.1,.039999999,82
.19,.059999999,82
.02,.13,82
.111,.048,82
-.13,.059999999,82
-.11,.039999999,82
.13,.050000001,82
.22,.059999999,82
-.15000001,.12,82
.02,.050000001,82
-.07,.079999998,82
-.11,.1,82
.14,.12,82
.28,.079999998,82
.13,.059999999,82
-.079999998,.11,82
.19,.059999999,82
-.029999999,.14,82
.029999999,.039999999,82
-.029999999,.14,82
-.039000001,.028999999,82
.16,.090000004,82
-.12,.1,82
.12,.039999999,82
-.14,.050000001,82
.111,.048,82
-.07,.079999998,82
.17,.050000001,82
-.119,.043000001,82
.02,.050000001,82
-.11,.039999999,82
-.07,.15000001,82
-.12,.041999999,82
-.13,.059999999,82
-.067000002,.078000002,82
-.050000001,.029999999,82
.12,.039999999,82
.206,.054000001,82
-.11,.1,82
-.039999999,.029999999,82
.18000001,.07,82
-.20999999,.050000001,82
-.0099999998,.079999998,82
-.050000001,.029999999,82
-.039999999,.028000001,82
-.22,.050000001,82
-.11,.039999999,82
-.11,.1,82
.0099999998,.050000001,82
-.1,.039999999,82
.25999999,.1,82
-.11,.039999999,82
.02,.050000001,82
.19,.059999999,82
-.039999999,.079999998,82
-.17,.07,82
.11,.039999999,82
.223,.057,82
-.13,.050000001,82
-.11,.039999999,82
-.2,.050000001,82
.13,.050000001,82
.12,.039999999,82
-.039999999,.029999999,82
-.13,.050000001,82
-.106,.044,82
-.104,.044,82
.25999999,.12,82
-.039999999,.029999999,82
-.041000001,.028000001,82
.22,.050000001,82
-.079999998,.11,82
-.07,.079999998,82
-.1,.039999999,82
.22,.059999999,82
.17,.1,82
.17,.050000001,82
.14,.12,82
-.22,.050000001,82
-.07,.079999998,82
.050000001,.059999999,82
-.2,.050000001,82
-.25999999,.17,82
.28,.079999998,82
.079999998,.1,82
.14,.090000004,82
0,.1,82
.13,.050000001,82
-.039999999,.029999999,82
.029999999,.23999999,82
-.096000001,.045000002,82
.28,.090000004,82
.22,.059999999,82
-.22,.050000001,82
-.039999999,.029999999,82
-.096000001,.045000002,82
-.13,.050000001,82
.22,.090000004,82
.19,.07,82
-.034499999,.012,83
-.034499999,.012,83
-.034499999,.012,83
-.034499999,.012,83
-.034499999,.012,83
-.034499999,.012,83
-.034499999,.012,83
-.034499999,.012,83
-.034499999,.012,83
-.034499999,.012,83
-.034499999,.012,83
-.034499999,.012,83
.18000001,.0098000001,86
.14,.0057000001,86
-.0014,.001,86
.052000001,.0052,86
.14,.0066999998,86
.075999998,.0049999999,86
.15000001,.0094999997,86
.11,.0052999998,86
-.28799999,.017000001,86
.075999998,.0049999999,86
.11,.0052999998,86
.2,.0066,86
.075999998,.0049999999,86
.14,.0068999999,86
.14,.0066999998,86
-.25400001,.013,86
.18000001,.0098000001,86
-.28,.015,86
-.245,.018999999,86
-.22499999,.017999999,86
.14,.0057000001,86
-.0016,.0024999999,86
.2,.0066,86
.18000001,.0098000001,86
-.0033,.0035000001,86
.17,.0062000002,86
-.0033,.0035000001,86
-.221,.018999999,86
.14,.0066999998,86
.17,.0062000002,86
-.0066,.0040000002,86
-.25799999,.018999999,86
-.0016,.0024999999,86
-.223,.017000001,86
-.0033,.0035000001,86
.15000001,.0094999997,86
-.0066,.0040000002,86
.15000001,.0094999997,86
-.257,.013,86
.028000001,.0051000002,86
.14,.0068999999,86
.028000001,.0051000002,86
-.242,.017000001,86
-.0066,.0040000002,86
-.0014,.001,86
.052000001,.0052,86
.2,.0066,86
-.28799999,.017000001,86
.17,.0062000002,86
.052000001,.0052,86
-.0016,.0024999999,86
.028000001,.0051000002,86
.14,.0057000001,86
.14,.0068999999,86
.11,.0052999998,86
-.0014,.001,86
-.249,.012,86
.27599999,.014,91
.0040000002,.016000001,91
.27599999,.014,91
.122,.0060000001,91
.0089999996,.018999999,91
.20200001,.011,91
.27599999,.014,91
.122,.0060000001,91
-.0020000001,.15899999,91
.0089999996,.018999999,91
.20200001,.011,91
.20200001,.011,91
.27599999,.014,91
.0040000002,.016000001,91
.122,.0060000001,91
.0089999996,.018999999,91
.122,.0060000001,91
.0040000002,.016000001,91
.27599999,.014,91
.0089999996,.018999999,91
.0040000002,.016000001,91
-.0020000001,.15899999,91
.20200001,.011,91
-.0020000001,.15899999,91
.122,.0060000001,91
.0040000002,.016000001,91
.0089999996,.018999999,91
.27599999,.014,91
.20200001,.011,91
.122,.0060000001,91
-.0020000001,.15899999,91
-.0020000001,.15899999,91
.27599999,.014,91
.0040000002,.016000001,91
-.0020000001,.15899999,91
.27599999,.014,91
.122,.0060000001,91
.0040000002,.016000001,91
.20200001,.011,91
.20200001,.011,91
.0040000002,.016000001,91
.20200001,.011,91
-.0020000001,.15899999,91
-.0020000001,.15899999,91
.0089999996,.018999999,91
.122,.0060000001,91
.0040000002,.016000001,91
.0089999996,.018999999,91
.27599999,.014,91
.0089999996,.018999999,91
-.0020000001,.15899999,91
.122,.0060000001,91
.20200001,.011,91
.0040000002,.016000001,91
.0089999996,.018999999,91
-.0020000001,.15899999,91
.27599999,.014,91
.0089999996,.018999999,91
.122,.0060000001,91
.20200001,.011,91
4681,1201.8,92
2901,863.78003,92
4681,1201.8,92
.018549999,.00324,92
-.032595001,.0039499998,92
.11005,.023320001,92
2901,863.78003,92
2901,863.78003,92
-1.2510999,.37693,92
2901,863.78003,92
-1.2510999,.37693,92
4681,1201.8,92
-1.2510999,.37693,92
-.032595001,.0039499998,92
-1.2510999,.37693,92
-1.2510999,.37693,92
.018549999,.00324,92
.11005,.023320001,92
-.032595001,.0039499998,92
4681,1201.8,92
-1.2510999,.37693,92
.11005,.023320001,92
.11005,.023320001,92
.018549999,.00324,92
.11005,.023320001,92
-1.2510999,.37693,92
-.032595001,.0039499998,92
4681,1201.8,92
.018549999,.00324,92
.018549999,.00324,92
-1.2510999,.37693,92
-1.2510999,.37693,92
-.032595001,.0039499998,92
-.032595001,.0039499998,92
-1.2510999,.37693,92
2901,863.78003,92
-.032595001,.0039499998,92
.11005,.023320001,92
.018549999,.00324,92
4681,1201.8,92
.018549999,.00324,92
.018549999,.00324,92
4681,1201.8,92
-1.2510999,.37693,92
.11005,.023320001,92
-.032595001,.0039499998,92
-.032595001,.0039499998,92
.018549999,.00324,92
.11005,.023320001,92
4681,1201.8,92
.018549999,.00324,92
-1.2510999,.37693,92
2901,863.78003,92
2901,863.78003,92
-1.2510999,.37693,92
4681,1201.8,92
2901,863.78003,92
-1.2510999,.37693,92
.018549999,.00324,92
2901,863.78003,92
-.032595001,.0039499998,92
.11005,.023320001,92
.018549999,.00324,92
.11005,.023320001,92
4681,1201.8,92
.018549999,.00324,92
.018549999,.00324,92
-.032595001,.0039499998,92
-1.2510999,.37693,92
4681,1201.8,92
2901,863.78003,92
.018549999,.00324,92
.018549999,.00324,92
.11005,.023320001,92
-.032595001,.0039499998,92
4681,1201.8,92
4681,1201.8,92
-1.2510999,.37693,92
-.032595001,.0039499998,92
4681,1201.8,92
-.032595001,.0039499998,92
-.032595001,.0039499998,92
-1.2510999,.37693,92
.018549999,.00324,92
2901,863.78003,92
4681,1201.8,92
.11005,.023320001,92
-.032595001,.0039499998,92
.018549999,.00324,92
4681,1201.8,92
.11005,.023320001,92
.018549999,.00324,92
2901,863.78003,92
.018549999,.00324,92
2901,863.78003,92
2901,863.78003,92
-.032595001,.0039499998,92
.11005,.023320001,92
.018549999,.00324,92
.11005,.023320001,92
4681,1201.8,92
4681,1201.8,92
-.032595001,.0039499998,92
4681,1201.8,92
.018549999,.00324,92
-1.2510999,.37693,92
4681,1201.8,92
.11005,.023320001,92
2901,863.78003,92
-1.2510999,.37693,92
-.032595001,.0039499998,92
4681,1201.8,92
2901,863.78003,92
2901,863.78003,92
.11005,.023320001,92
-1.2510999,.37693,92
2901,863.78003,92
4681,1201.8,92
2901,863.78003,92
.11005,.023320001,92
-.032595001,.0039499998,92
-1.2510999,.37693,92
.11005,.023320001,92
4681,1201.8,92
-1.2510999,.37693,92
4681,1201.8,92
.018549999,.00324,92
.018549999,.00324,92
4681,1201.8,92
-.032595001,.0039499998,92
.11005,.023320001,92
2901,863.78003,92
.11005,.023320001,92
-1.2510999,.37693,92
.018549999,.00324,92
.018549999,.00324,92
-1.2510999,.37693,92
4681,1201.8,92
.018549999,.00324,92
.11005,.023320001,92
4681,1201.8,92
2901,863.78003,92
-.032595001,.0039499998,92
-.032595001,.0039499998,92
-.032595001,.0039499998,92
4681,1201.8,92
.018549999,.00324,92
-1.2510999,.37693,92
2901,863.78003,92
-.032595001,.0039499998,92
.11005,.023320001,92
-.032595001,.0039499998,92
2901,863.78003,92
-1.2510999,.37693,92
.11005,.023320001,92
.11005,.023320001,92
2901,863.78003,92
-1.2510999,.37693,92
-1.2510999,.37693,92
4681,1201.8,92
4681,1201.8,92
-.032595001,.0039499998,92
2901,863.78003,92
-1.2510999,.37693,92
2901,863.78003,92
-1.2510999,.37693,92
2901,863.78003,92
-.032595001,.0039499998,92
.11005,.023320001,92
-1.2510999,.37693,92
-.032595001,.0039499998,92
4681,1201.8,92
4681,1201.8,92
-1.2510999,.37693,92
.11005,.023320001,92
.018549999,.00324,92
.11005,.023320001,92
.018549999,.00324,92
.11005,.023320001,92
2901,863.78003,92
2901,863.78003,92
-1.2510999,.37693,92
.11005,.023320001,92
-.032595001,.0039499998,92
.018549999,.00324,92
-.032595001,.0039499998,92
-.032595001,.0039499998,92
.018549999,.00324,92
4681,1201.8,92
2901,863.78003,92
-.032595001,.0039499998,92
.018549999,.00324,92
2901,863.78003,92
2901,863.78003,92
4681,1201.8,92
.11005,.023320001,92
.11005,.023320001,92
.11005,.023320001,92
2901,863.78003,92
-.032595001,.0039499998,92
-.032595001,.0039499998,92
4681,1201.8,92
.018549999,.00324,92
-1.2510999,.37693,92
.018549999,.00324,92
.11005,.023320001,92
2901,863.78003,92
-.032595001,.0039499998,92
2901,863.78003,92
-1.2510999,.37693,92
-1.2510999,.37693,92
.018549999,.00324,92
.11005,.023320001,92
4681,1201.8,92
.11005,.023320001,92
2901,863.78003,92
1.064,.447,95
1.064,.447,95
1.064,.447,95
1.408,.39399999,97
.078000002,.046999998,97
.91100001,.244,97
.097999997,.016000001,97
.064999998,.017000001,97
.096000001,.015,97
1.117,.414,97
.033,.044,97
1.408,.39399999,97
.039000001,.041000001,97
1.117,.414,97
-.138,.078000002,97
.061999999,.026000001,97
.91100001,.244,97
.094999999,.086999997,97
.105,.016000001,97
.043000001,.048,97
.078000002,.037,97
1.3660001,.40200001,97
.0070000002,.037999999,97
.101,.016000001,97
.093999997,.012,97
-.138,.078000002,97
.067000002,.079999998,97
1.3660001,.40200001,97
1.408,.39399999,97
.071999997,.014,97
.039000001,.026000001,97
.078000002,.059999999,97
.91100001,.244,97
.14399999,.037,98
.125,.048999999,98
.31900001,.12899999,98
.054000001,.018999999,98
.147,.026000001,98
.075999998,.027000001,98
.17200001,.030999999,98
.147,.026000001,98
.31900001,.12899999,98
.055,.013,98
.081,.028000001,98
.192,.041999999,98
.057,.032000002,98
.066,.013,98
.056000002,.024,98
.089000002,.021,98
.075999998,.027000001,98
.057,.032000002,98
.057,.032000002,98
.125,.039999999,98
.068999998,.016000001,98
.31900001,.12899999,98
.125,.048999999,98
.064000003,.013,98
.064999998,.029999999,98
.059999999,.017999999,98
.055,.013,98
.15899999,.037,99
.12,.028000001,99
.117,.028000001,99
.12,.028000001,99
.117,.028000001,99
.12,.028000001,99
.15899999,.037,99
.12,.028000001,99
-.039999999,.026000001,100
-.097999997,.033,100
-.039999999,.026000001,100
-.097999997,.033,100
-.027000001,.012,101
-.068000004,.025,101
-.032000002,.015,101
-.0070000002,.0040000002,101
-.094999999,.034000002,101
-.035,.016000001,101
-.101,.057999998,101
.092,.037,101
-.0040000002,.012,101
-.018999999,.014,101
-.014,.016000001,101
-.094999999,.034000002,101
-.021,.011,101
-.023,.0099999998,101
.046,.016000001,101
-.0070000002,.0040000002,101
-.014,.016000001,101
-.015,.0089999996,101
-.090000004,.044,101
-.0049999999,.0049999999,101
-.012,.016000001,101
-.109,.032000002,101
-.0089999996,.059,101
-.012,.016000001,101
-.108,.032000002,101
-.028999999,.025,101
-.075999998,.048999999,101
-.014,.016000001,101
-.071999997,.030999999,101
.064000003,.018999999,101
.046,.016000001,101
-.056000002,.032000002,101
-.056000002,.032000002,101
-.0060000001,.015,101
-.068000004,.025,101
-.02,.012,101
-.097000003,.034000002,101
-.029999999,.013,101
.064000003,.018999999,101
.046,.026000001,101
-.0060000001,.015,101
-.0049999999,.024,101
-.0060000001,.029999999,101
.039000001,.017000001,101
-.027000001,.013,101
.097999997,.072999999,101
.039000001,.017000001,101
-.023,.0099999998,101
-.026000001,.025,101
-.061999999,.024,101
.126,.043000001,101
-.029999999,.013,101
-.027000001,.012,101
-.052000001,.043000001,101
-.029999999,.013,101
-.015,.0089999996,101
.075000003,.033,101
.083999999,.054000001,101
-.0060000001,.015,101
-.0040000002,.012,101
-.068000004,.025,101
-.056000002,.032000002,101
24.736,6.6570001,101
-.02,.012,101
-.029999999,.013,101
-.02,.012,101
24.736,6.6570001,101
-.097000003,.034000002,101
-.012,.016000001,101
.046,.026000001,101
-.023,.0099999998,101
-.0049999999,.0049999999,101
-.094999999,.034000002,101
-.081,.035,101
-.029999999,.013,101
-.029999999,.018999999,101
-.097000003,.034000002,101
-.023,.0099999998,101
-.66500002,.20999999,102
-.66500002,.20999999,102
-.66500002,.20999999,102
-1.501,.31799999,102
-1.501,.31799999,102
-.66500002,.20999999,102
-1.501,.31799999,102
-1.501,.31799999,102
-.66500002,.20999999,102
-1.501,.31799999,102
.5,.204,103
.396,.171,103
.097999997,.013,103
.53299999,.20999999,103
.097999997,.013,103
.119,.017999999,103
.30500001,.16599999,103
.51300001,.16599999,103
.101,.014,103
.33700001,.184,103
.39500001,.191,103
.329,.162,103
.44499999,.198,103
.45300001,.162,103
.498,.213,103
.114,.017000001,103
.35600001,.197,103
.101,.013,103
.36300001,.192,103
.38999999,.175,103
.498,.20299999,103
.119,.017999999,103
.50099999,.212,103
.419,.206,103
.097999997,.014,103
.37900001,.185,103
.103,.014,103
.50199997,.212,103
.103,.013,103
.52700001,.175,103
.40599999,.178,103
.50199997,.167,103
.36899999,.183,103
.542,.16599999,103
.114,.017999999,103
.0049999999,.017000001,105
-.017000001,.0035999999,105
-.001,.013,105
-.083999999,.027000001,105
-.0035000001,.0024000001,105
.092,.046999998,105
.0049999999,.023,105
.0020000001,.0089999996,105
.21600001,.028000001,105
.29100001,.050000001,105
-.027000001,.016000001,105
-.0068999999,.0035999999,105
-.015,.0070000002,105
-.0055,.0023000001,105
.083999999,.016000001,105
-.011,.0049999999,105
-.068000004,.037999999,105
-.0060000001,.018999999,105
.082999997,.016000001,105
-.001,.035999998,105
-.00050000002,.0037,105
-.0089999996,.032000002,105
-.0077999998,.0035000001,105
-.00050000002,.0037,105
-.017000001,.015,105
-.001,.013,105
-.00050000002,.0037,105
.146,.023,105
-.024,.016000001,105
-.015,.0049999999,105
.0049999999,.0060000001,105
.21699999,.028000001,105
-.0052999998,.0035999999,105
-.015,.0070000002,105
-.0020000001,.02,105
.21699999,.028000001,105
.0070000002,.017999999,105
.057,.02,105
.083999999,.016000001,105
-.0155,.0066999998,105
.244,.034000002,105
.001,.017000001,105
.0020000001,.016000001,105
-.0068999999,.0035999999,105
.0060000001,.0060000001,105
-.0077,.0034,105
-.025,.016000001,105
-.015,.0049999999,105
.0020000001,.0070000002,105
-.001,.013,105
.0020000001,.0070000002,105
.0020000001,.0089999996,105
-.0020000001,.013,105
-.013,.0049999999,105
-.0017,.0035999999,105
0,.030999999,105
-.119,.035,105
-.011,.018999999,105
.111,.037,105
-.021,.015,105
.0020000001,.016000001,105
.0020000001,.016000001,105
-.013,.0049999999,105
-.0024999999,.0011,105
-.003,.02,105
.0020000001,.016000001,105
-.0017,.0035999999,105
-.017999999,.015,105
.083999999,.016000001,105
.21699999,.028000001,105
.0049999999,.0060000001,105
-.0077999998,.0035000001,105
-.022,.041000001,106
-.079999998,.030999999,106
-.086000003,.032000002,106
.44999999,.56999999,106
-.086000003,.032000002,106
.027000001,.011,106
-.079000004,.030999999,106
-.071999997,.030999999,106
-.071999997,.030999999,106
-.013,.041000001,106
1.36,.56999999,106
-.043000001,.013,106
.037999999,.013,106
-.018999999,.041000001,106
-.043000001,.013,106
-.023,.041000001,106
1.25,.58999997,106
-.022,.041000001,106
.28,.56,106
.44999999,.22,106
-.079999998,.030999999,106
-.013,.041000001,106
.70999998,.28999999,106
-.023,.041000001,106
.30000001,.56,106
-.079000004,.030999999,106
.037999999,.013,106
-.018999999,.041000001,106
.027000001,.011,106
1.41,.57999998,106
-.36899999,.0166,108
8.0889997,.31600001,108
-1.928,.167,108
5.039,.12,108
2.6619999,.096000001,108
-.168,.0156,108
-.36700001,.0131,108
-.36899999,.0166,108
-.33500001,.020300001,108
.049600001,.0142,108
-.0656,.00911,108
6.1370001,.66000003,108
5.039,.12,108
-.032600001,.0132,108
8.0889997,.31600001,108
-.0656,.00911,108
-.25299999,.0185,108
-.149,.0090600001,108
.017899999,.0101,108
-.25299999,.0185,108
-.066200003,.0088200001,108
.017899999,.0101,108
.0148,.036400001,108
-.032600001,.0132,108
4.987,.117,108
-.49000001,.033199999,108
-.119,.015,108
5.04,.122,108
-1.928,.167,108
5.04,.122,108
4.9879999,.117,108
-.36500001,.0177,108
6.1370001,.66000003,108
-.25299999,.0185,108
-.066200003,.0088200001,108
-.149,.0099999998,108
-.25299999,.0185,108
-.49000001,.033199999,108
.049600001,.0142,108
-1.505,.176,108
-1.505,.176,108
4.9879999,.117,108
.0148,.036400001,108
.049600001,.0142,108
4.9879999,.117,108
-.33500001,.020300001,108
-.36500001,.0177,108
-.149,.0099999998,108
-.149,.0090600001,108
2.6619999,.096000001,108
.049600001,.0142,108
-.36700001,.0131,108
4.987,.117,108
4.9879999,.117,108
-.168,.0156,108
-.119,.015,108
.018999999,.057999998,109
.16599999,.079000004,109
.24600001,.064000003,109
.24600001,.064000003,109
.26899999,.057999998,109
.26899999,.057999998,109
.079999998,.079000004,109
.079999998,.079000004,109
.018999999,.057999998,109
.16599999,.079000004,109
.26899999,.057999998,109
.26899999,.057999998,109
.26899999,.057999998,109
-.15099999,.068999998,109
.015,.086999997,109
.16599999,.079000004,109
.018999999,.057999998,109
.26899999,.057999998,109
-.15099999,.068999998,109
.26899999,.057999998,109
.24600001,.064000003,109
.26899999,.057999998,109
.26899999,.057999998,109
.26899999,.057999998,109
.015,.086999997,109
.015,.086999997,109
.079999998,.079000004,109
.26899999,.057999998,109
.26899999,.057999998,109
-.15099999,.068999998,109
.079999998,.079000004,109
.26899999,.057999998,109
.24600001,.064000003,109
.26899999,.057999998,109
.26899999,.057999998,109
.26899999,.057999998,109
.16599999,.079000004,109
.26899999,.057999998,109
-.15099999,.068999998,109
.26899999,.057999998,109
.26899999,.057999998,109
.018999999,.057999998,109
.015,.086999997,109
.26899999,.057999998,109
.26899999,.057999998,109
