.011,.0060000001,3
.0089999996,.003,3
.47999999,.352,3
.417,.37,3
.026000001,.0089999996,3
-.78600001,.52899998,3
.0060000001,.0057999999,3
-.003,.0020000001,3
-.31900001,.419,3
.433,.708,3
.0020999999,.0017,3
-.31,.329,3
.017999999,.0059000002,3
-.0099999998,.003,3
.0023000001,.0020000001,3
.0089999996,.0049999999,3
.0060000001,.003,3
.0019,.0038000001,3
.0080000004,.0060000001,3
-.0049999999,.0049999999,3
1.2640001,.58200002,3
1.363,.58099997,3
1.288,.48500001,3
.0080000004,.0044,3
.0060000001,.0049999999,3
.011,.003,3
-.012,.0049999999,3
-.0066999998,.0076000001,3
-.0048000002,.0046999999,3
.0060000001,.003,3
-.50199997,.32600001,3
.013,.0060000001,3
.317,.60399997,3
.012,.0060000001,3
-.015,.0054000001,3
.017000001,.0070000002,3
.013,.0070000002,3
.0080000004,.0074999998,3
.0020000001,.0049999999,3
.0089999996,.0020000001,3
.0073000002,.0046999999,3
.0089999996,.0060000001,3
1.3,.671,3
-1.661,.574,3
.028000001,.0070000002,3
-1.4680001,.58899999,3
.278,.54500002,3
-1.63,.55400002,3
1.202,.54500002,3
-.0103,.0070000002,3
.029999999,.0070000002,3
-.0059000002,.0113,3
.033,.0089999996,3
.0027999999,.0033,3
-.013,.0060000001,3
1.404,.65200001,3
-.80000001,.51999998,3
-.0055999998,.0037,3
0,.0066999998,3
-.0099999998,.0049999999,3
.014,.0060000001,3
.0033,.0074999998,3
.52200001,.21600001,3
.0015,.0063999998,3
-.0080000004,.003,3
-.0089999996,.0060000001,3
-1.689,.56099999,3
.0060000001,.0060000001,3
-.25400001,.317,3
.034000002,.018999999,8
.023,.018999999,8
.039000001,.021,8
-.093999997,.039000001,8
.029999999,.017999999,8
.107,.037999999,8
-.0099999998,.0060000001,8
.113,.039999999,8
-.00050000002,.011,8
.107,.034000002,8
.037,.02,8
-.011,.0049999999,8
.026000001,.018999999,8
-.083999999,.024,8
.001,.0099999998,8
.114,.035,8
.113,.033,8
-.082999997,.024,8
-.086999997,.028999999,8
-.093000002,.039999999,8
.024,.017999999,8
.104,.030999999,8
.02,.017000001,8
-.085000001,.029999999,8
39,6.0999999,9
.89999998,.20999999,9
.13,.039999999,9
5.2179999,12.4,9
20.9,8.1999998,9
32.700001,9.8000002,9
1.15,.18000001,9
.25999999,.14,9
6.1199999,1.6900001,9
.12,.050000001,9
.12,.050000001,9
.31999999,.12,9
18.02,13,9
.176,.11,9
16.700001,12.8,9
.131,.1,9
5.1700001,2.51,9
43.900002,8.1999998,9
8.6400003,1.85,9
18.92,2.6300001,9
27,7,9
54.5,8.5,9
41.799999,7.4000001,9
43.5,8.3999996,9
-.0034099999,.1,9
-23.73,17.5,9
1.73,.25,9
-.36000001,.37,9
21.07,10.1,9
16.299999,2.4100001,9
18.42,2.75,9
12.24,1.83,9
.27000001,1.72,9
6.2800002,2.04,9
-.0049999999,.026000001,9
6.4039998,9.6999998,9
11.08,11.6,9
6.0700002,1.73,9
59.799999,11,9
16.879999,10.9,9
1.41,1.7,9
47.299999,11.2,9
.101,.1,9
29.5,13.2,9
19.559999,5.1999998,9
45.5,16.299999,9
-.001,.026000001,9
8.059,4.6999998,9
32.5,9.8000002,9
-6.7480001,14.7,9
34.200001,6,9
-.028999999,.028000001,9
40.639999,16.9,9
7.9299998,1.22,9
5.1900001,2.5,9
16.1,12.8,9
7.9299998,1.22,9
17.370001,2.8699999,9
5.3899999,1.1900001,9
25.9,9.6999998,9
2.52,1.58,9
1.16,.17,9
.16,.039999999,9
2.9400001,1.86,9
47.799999,11.1,9
.25,.14,9
33.5,14.3,9
.13699999,.059999999,9
38.209999,14.4,9
32.799999,11.1,9
61.5,9.6999998,9
9.5,1.67,9
6.7220001,10.4,9
45.400002,16.299999,9
.23999999,.090000004,9
26.200001,9.6999998,9
1.73,.25,9
54,8.5,9
19.32,4,9
-10.79,1.39,9
6.1500001,1.6900001,9
11.5,8.5,9
18.91,2.6300001,9
-.23999999,1.16,9
.18000001,.039999999,9
.2,.090000004,9
32,9.3000002,9
.027000001,.029999999,9
.25,.059999999,9
6.9400001,3.55,9
.2,.090000004,9
1.26,.15000001,9
65.199997,14.5,9
6.29,2.04,9
6.9400001,3.55,9
36.779999,10.7,9
.133,.02,9
16.200001,2.4300001,9
.030999999,.030999999,9
7.6399999,1.9,9
-1.3,1.17,9
41.799999,7.5,9
.52999997,.12,9
5.54,1.6799999,9
6.6900001,1.05,9
-.033,.028000001,9
.19499999,.1,9
33.700001,6.1999998,9
-.079999998,.1,9
-10.25,1.67,9
13.06,6.1999998,9
1.26,.15000001,9
.16,.039999999,9
10.98,1.67,9
9.1700001,2.01,9
.13500001,.1,9
.23999999,.059999999,9
.33000001,.12,9
61.299999,9.8000002,9
8.7200003,1.86,9
-.114,.14,9
.163,.11,9
33,14.3,9
32.700001,6.8899999,9
.28999999,.11,9
.23999999,.090000004,9
15.4,9.6000004,9
2.9300001,1.85,9
2.6800001,1.21,9
32.400002,9,9
.081299998,.1,9
-.0020000001,.02,9
6.0500002,1.72,9
26.9,7.0999999,9
64.800003,14.6,9
2.45,1.5700001,9
-.0040000002,.021,9
38.900002,6.0999999,9
2.97,.40000001,9
1.29,.19,9
4.6500001,2.45,9
1.04,.18000001,9
59.400002,11.2,9
13.25,14.2,9
-10.97,2.55,9
.91000003,.20999999,9
21,8.1999998,9
10.98,1.67,9
-9.9899998,1.0599999,9
15.62,11.1,9
14.63,2.3,9
2.8399999,5.8000002,9
29.1,13,9
10.9,8.6999998,9
.28999999,.11,9
23.9,4.9299998,9
32.599998,11,9
-.050250001,.01718,13
-.02722,.0060999999,13
-.03032,.0063700001,13
-.024150001,.0058300002,13
-.02612,.0060899998,13
-.040109999,.01492,13
-.043409999,.01479,13
-.021,-.0069400002,13
-.057859998,.01785,13
-.044989999,.01716,13
-.04831,.01646,13
-.0251,.016240001,13
-.065909997,.017440001,13
-.02122,.0081700003,13
-.022919999,.02359,13
-.02173,.0066800001,13
-.036419999,.018409999,13
-.026869999,.0062600002,13
-.0207,.0079100002,13
-.04284,.01877,13
.00125,.0060100001,13
-.01833,.0058499998,13
-.022190001,.0053500002,13
-.02757,.024219999,13
-.050689999,.017410001,13
.0036800001,.0063900002,13
-.072300002,.018540001,13
-.048280001,.016930001,13
-.02118,.0064500002,13
-.019710001,.0078099999,13
-.0229,.069700003,13
-.02166,.0066800001,13
-.021989999,.02445,13
-.044629999,.017170001,13
-.051109999,.01761,13
-.00015000001,.00685,13
-.075400002,.0276,16
-.1209,.4686,16
13.21,32.349998,16
-50.91,43.09,16
-.0722,.028999999,16
.0124,.75599998,16
.213,.3779,16
.2252,.40009999,16
-.1095,.42320001,16
-.4984,.8114,16
-72.239998,17.370001,16
-65.809998,45.360001,16
-79.779999,22.67,16
-.5589,.9156,16
-24.24,41.900002,16
-90.860001,84.529999,16
.0126,.7676,16
-.0462,.039299998,16
-.044100001,.038699999,16
.653,2.48,20
-1.28,9.6300001,20
.14300001,.42399999,20
.32499999,.708,20
.122,.98900002,20
.236,1.204,20
.22,1.204,20
-.0080000004,.0089999996,20
0,.0040000002,20
-.21600001,.479,20
0,.0020000001,20
.15000001,.032000002,23
-.022,.021,23
-.013,.022,23
.34,.028999999,23
.023,.026000001,23
-.052000001,.021,23
-.045000002,.018999999,23
.055,.025,23
-.057999998,.024,23
.017000001,.026000001,23
.33000001,.028999999,23
-.052000001,.021,23
-.033,.02,23
.14,.028000001,23
.090999998,.028000001,23
-.057,.023,23
.082999997,.026000001,23
.25,.023,23
.25,.023,23
.067000002,.027000001,23
.154,.029999999,26
-.037999999,.017000001,26
.15000001,.028999999,26
.048999999,.013,26
.078000002,.039000001,26
-.141,.017999999,26
.056000002,.0070000002,26
-.094999999,.026000001,26
.162,.029999999,26
-.141,.017999999,26
.068000004,.0070000002,26
.056000002,.0070000002,26
-.139,.017999999,26
.168,.037,26
-.139,.017999999,26
-.113,.046999998,26
-.142,.017999999,26
-.142,.017999999,26
.152,.037,26
.154,.029999999,26
.142,.028999999,26
.075000003,.0099999998,26
.072999999,.039000001,26
-.134,.017999999,26
-.075000003,.017999999,26
-.093999997,.026000001,26
-.139,.017999999,26
-.093999997,.026000001,26
.152,.028999999,26
.152,.028999999,26
-.14300001,.017999999,26
-.048999999,.016000001,26
-.142,.017999999,26
-.139,.017999999,26
.16599999,.037,26
-.111,.046999998,26
.168,.037,26
.162,.029999999,26
-.024,.017999999,26
-.048999999,.016000001,26
.146,.028999999,26
-.094999999,.026000001,26
.075000003,.0099999998,26
.089000002,.0080000004,26
-.022,.041999999,26
-.20999999,.028999999,26
-.064000003,.015,26
-.14300001,.017999999,26
.093999997,.0089999996,26
-.108,.046999998,26
-.024,.017999999,26
-.061000001,.021,26
.15000001,.028999999,26
.152,.028999999,26
-.211,.028999999,26
.072999999,.037999999,26
.147,.028999999,26
.152,.028999999,26
-.142,.017999999,26
-.15800001,.066,26
.16,.050000001,26
.152,.028999999,26
-.14,.017999999,26
-.142,.017999999,26
-.109,.046999998,26
-.139,.017999999,26
.124,.011,26
-.094999999,.026000001,26
.15000001,.028999999,26
.16,.029999999,26
-.052000001,.052000001,26
-.094999999,.026000001,26
-.094999999,.026000001,26
-.14,.017999999,26
.15000001,.028999999,26
-.36000001,.133,28
-.94,.14399999,28
1.47,.13699999,28
-.14300001,.1021,30
-.0473,.036699999,30
.0195,.0057000001,30
.019300001,.0063,30
.0152,.0060000001,30
.037700001,.015799999,30
.0229,.0060999999,30
-1.3712,1.0649,30
-.87779999,1.6533999,30
-.2463,.098300003,30
.0151,.0060999999,30
.00039999999,.00030000001,30
1.1554,1.0604,30
.0208,.091799997,30
-.061799999,.068800002,30
.0031999999,.0062000002,30
-.00030000001,.00030000001,30
.0019,.00089999998,30
.048,.3369,30
.82730001,1.4680001,30
-.86879998,.4973,30
-.00050000002,.0014,30
-.17460001,.092100002,30
-.0471,.036499999,30
-.001,.00079999998,30
-.00019999999,.00030000001,30
.0022,.0049999999,30
-.003,.0082999999,30
.8301,1.4638,30
.0020999999,.0027999999,30
-.87120003,.50050002,30
.048099998,.056299999,30
.0206,.092200004,30
-.0185,.0092000002,30
-.00050000002,.0014,30
-.0106,.0306,30
.0049999999,.0066999998,30
-.032699998,.022700001,30
.0093999999,.034899998,30
-.0044,.0019,30
-.87410003,.59829998,30
.0033,.0048000002,30
.022,.0414,30
-.022,.0074,30
-.023600001,.0088,30
.0052,.0055,30
-.0043000001,.0018,30
-.189,.1095,30
.046999998,.3335,30
8.1820002,4.5380001,32
-1.663,.42199999,32
1.206,3.905,32
.382,.875,32
2.5610001,1.23,32
2.9389999,.80900002,32
1.149,.76499999,32
1.21,.84500003,32
-2.312,.73000002,32
-5.7270002,2.03,32
5.6300001,4.8759999,32
-2.802,.58499998,32
-2.253,4.086,32
3.723,7.6009998,32
1.785,.85900003,32
2.467,3.017,32
-1.007,.59200001,32
-2.3239999,.63599998,32
5.8720002,3.7249999,32
1.932,.68300003,32
13.275,6.6789999,32
.39199999,.611,32
-2.0569999,.54500002,32
-.021,.50800002,32
2.5510001,3.704,32
3.358,.81,32
2.573,1.186,32
-1.307,.71600002,32
-.205,.69099998,32
-2.5910001,4.1100001,32
-1.3609999,.53200001,32
2.049,.96600002,32
2.8989999,1.017,32
10.384,7.5089998,32
1.133,.86799997,32
2.911,3.073,32
.20999999,.95099998,32
1.37,.63800001,32
2.8529999,.875,32
3.05,2.832,32
2.0539999,2.655,32
.88300002,.74400002,32
-1.148,3.5250001,32
.024,.94099998,32
3.727,.921,32
3.161,1.0190001,32
5.9250002,4.8660002,32
2.5090001,.67500001,32
5.6529999,3.74,32
-7.2049999,3.8570001,32
-5.5170002,3.1289999,32
5.1110001,4.0310001,32
-2.016,.57999998,32
.33000001,.89200002,32
1.647,.84200001,32
-.37099999,.91100001,32
-3.9130001,1.921,32
-5.7729998,6.9699998,32
.597,2.323,32
2.4579999,1.177,32
.108,.038199998,33
.178,.063500002,33
.167,.164,33
.38699999,.27399999,33
.245,.091200002,33
.28999999,.094800003,33
.126,.0583,33
.15800001,.0572,33
.142,.045200001,33
.229,.0898,33
.29300001,.112,33
.27599999,.091899998,33
.090099998,.042599998,33
.12,.0548,33
.15000001,.063100003,33
.322,.117,33
.090000004,.038400002,33
.62699997,.278,33
.45300001,.27200001,33
.16599999,.063000001,33
.087899998,.039900001,33
.30700001,.112,33
.103,.053300001,33
.227,.089000002,33
.25999999,.092,33
.278,.114,33
.107,.060800001,33
.38699999,.226,33
.15700001,.0572,33
.292,.099299997,33
.138,.0473,33
.114,.053399999,33
.23899999,.25,33
.292,.111,33
.17200001,.065399997,33
.122,.044399999,33
.20299999,.063000001,33
.242,.090300001,33
.28799999,.111,33
.257,.094700001,33
.109,.20100001,33
.19,.068400003,33
.29100001,.093199998,33
.096000001,.0383,33
-.32699999,.204,35
-.30199999,.184,35
.024,.243,35
-.14399999,.15899999,35
-.106,.14300001,35
.0116,.183,35
.0049999999,.001,36
.0049999999,.001,36
.0049999999,.001,36
.0040000002,.001,36
.0049999999,.001,36
.0049999999,.001,36
.0080000004,.0040000002,36
19.15,.38299999,41
17.042999,.428,41
16.936001,.65499997,41
16.509001,.61400002,41
15.859,.447,41
15.487,.23899999,41
19.937,.382,41
18.954,.206,41
18.146,.308,41
18.804001,.366,41
17.283001,.30700001,41
18.756001,.382,41
23.898001,.98699999,41
17.294001,.227,41
15.459,.67799997,41
26.617001,.727,41
18.763,.208,41
18.23,.34799999,41
14.586,.412,41
19.580999,.36700001,41
17.487,.63700002,41
17.198,.43700001,41
17.987,.63700002,41
16.764,.15700001,41
16.622999,.39199999,41
18.454,.366,41
16.094,.29300001,41
18.861,.44100001,41
17.289,.164,41
18.327,.19400001,41
15.324,.22,41
16.506001,.65399998,41
18.384001,.43099999,41
18.171,.63099998,41
19.174999,.38699999,41
16.17,.41999999,41
10.045,.82999998,41
16.172001,.72500002,41
17.459999,.29499999,41
16.406,.65399998,41
17.761999,.741,41
17.679001,.43799999,41
16.605,.34200001,41
14.776,.40900001,41
20.782,.72799999,41
14.121,.43799999,41
15.378,.40900001,41
15.44,.219,41
14.966,.414,41
15.819,.66500002,41
17.437,.42899999,41
22.913,.98500001,41
18.787001,.38600001,41
24.820999,.375,41
20.417,.391,41
14.062,.34799999,41
9.4020004,.81400001,41
21.240999,.52399999,41
14.391,.40799999,41
16.059,.67799997,41
16.961,.61000001,41
16.482,.29300001,41
9.217,.43200001,41
15.729,.722,41
14.561,.44,41
9.9020004,.81400001,41
18.104,.23800001,41
16.186001,.34299999,41
16.907,.30599999,41
16.608999,.61400002,41
22.535,.98500001,41
22.582001,.72799999,41
-.0080000004,.017000001,43
.30399999,.29800001,43
.70599997,.368,43
.57300001,.352,43
.43700001,.29899999,43
-.242,.26699999,43
.43700001,.29899999,43
-.106,.26199999,43
.57999998,.26699999,43
-.50199997,.359,43
-.708,.435,43
.42699999,.32600001,43
.89499998,.338,43
.866,.26499999,43
.106,.083999999,43
.27599999,.32699999,43
.014,.015,43
.64200002,.50400001,43
.16,.094999999,44
.162,.11,44
.182,.079000004,44
.18000001,.1,44
.125,.094999999,44
.185,.11,44
.294,.14,44
.26800001,.12,44
.219,.13,44
.23199999,.12,44
.14399999,.11,44
.121,.097000003,44
.15099999,.11,44
.15700001,.11,44
.493,.093999997,44
.21600001,.12,44
.47299999,.23999999,44
.175,.094999999,44
.148,.11,44
.25999999,.11,44
.191,.12,44
.24600001,.12,44
.244,.11,44
.18700001,.11,44
.198,.090999998,44
.2,.1,44
.463,.28,44
.23800001,.11,44
.126,.096000001,44
.30199999,.16,44
.104,.083999999,44
.18700001,.097000003,44
-.191,.090000004,45
-.14,.083999999,45
2.964,2.4349999,45
-.048,.071999997,45
.111,.016000001,45
-.003,.081,45
-.168,.067000002,45
-.18099999,.090000004,45
-.103,.096000001,45
-.219,.022,45
12.295,1.483,45
-.22400001,.022,45
1.251,1.988,45
-.44100001,.072999999,45
-.098999999,.102,45
-.435,.072999999,45
2.411,2.5710001,45
-.037,.014,45
.52999997,2.1489999,45
.382,.17399999,45
0,.011,45
-.27900001,.034000002,45
11.894,1.4910001,45
.36700001,.18099999,45
-.285,.033,45
.112,.017000001,45
-.037,.015,45
-.47999999,.28999999,46
-.94,4.5700002,46
1,.40000001,46
-.15000001,4.48,46
1.62,.56999999,46
1.1900001,.63,46
-.89999998,.47,46
-.89999998,.60000002,46
.0561,.0071,48
.0242,.0091399997,48
.032200001,.00715,48
.026000001,.0084499996,48
.30000001,.021,48
.1,.055,48
81.989998,23.559999,48
-.018999999,.050999999,48
.033,.012,48
.028000001,.034000002,48
-.059999999,.052000001,48
.0187,.0125,48
.044,.017999999,48
.044199999,.0080399998,48
.0396,.0082700001,48
.0274,.0092900004,48
-.056000002,.035,48
92.149002,58.166,48
.038400002,.0077999998,48
-.0255,.044100001,48
.030999999,.014,48
-.063000001,.068999998,48
-.059,.068999998,48
-.49000001,.045000002,48
-.0099999998,.028000001,48
.043000001,.046999998,48
.034000002,.014,48
.0070000002,.037,48
-.0070000002,.0080000004,48
.0403,.0211,48
.022600001,.0080899997,48
.02,.016000001,48
.075000003,.028000001,48
.0264,.014,48
-.018999999,.033,48
.033100002,.0071899998,48
.022,.026000001,48
.0049999999,.017000001,48
.001,.028999999,48
.035,.015,48
.0221,.0090899998,48
.039000001,.021,48
.012,.0089999996,48
.023,.048999999,48
79.639999,22.860001,48
.017999999,.0089999996,48
-.056000002,.034000002,48
.0089999996,.035,48
.054000001,.086000003,48
.0040000002,.013,48
.032000002,.0082999999,48
86.268997,55.973999,48
.00361,.015799999,48
.082999997,.046,48
.012,.0070000002,48
.028999999,.015,48
.052000001,.021,48
.061999999,.02,48
.071000002,.017000001,48
-.0080000004,.028999999,48
81.830002,38.59,48
.033,.014,48
.0374,.0073099998,48
-.018999999,.057999998,48
0,.028999999,48
119.75,68.962997,48
.045000002,.0080000004,48
.039000001,.011,48
-.061000001,.039000001,48
-.046999998,.090999998,48
57.630001,25.690001,48
.024,.026000001,48
.025,.0089999996,48
.044799998,.0125,48
.0089999996,.022,48
.0152,.015900001,48
.0049999999,.029999999,48
-.0162,.027899999,48
-.052999999,.07,48
.0060000001,.016000001,48
-.0099999998,.079999998,48
-.001,.003,48
44.846001,61.880001,48
.127,.057,48
.074000001,.106,48
.028999999,.015,48
.023,.012,48
.003,.013,48
.017000001,.021,48
.041999999,.02,48
-.0040000002,.052999999,48
-.013,.0060000001,48
.050999999,.013,48
.042800002,.0125,48
.016000001,.0080000004,48
.046,.014,48
68.860001,20.559999,48
.032900002,.0116,48
39.844002,34.943001,48
.001,.028999999,48
.075000003,.046999998,48
.0020000001,.0099999998,48
-.0090100002,.025800001,48
.052000001,.02,48
.016000001,.0089999996,48
39.035999,33.849998,48
.0099999998,.035999998,48
.024,.035999998,48
.057,.023,48
.0287,.0137,48
-.057,.039000001,48
.052000001,.013,48
.034000002,.014,48
.034200002,.0114,48
-.0070000002,.082000002,48
.02,.012,48
46.57,21.200001,48
-.054000001,.035,48
.0138,.045899998,48
.0381,.020300001,48
.115,.079999998,48
.085000001,.061000001,48
.0081900004,.00673,48
.032400001,.0116,48
-.252,.029999999,49
-.153,.028000001,49
-.059,.014,49
-.88999999,.075000003,49
-.145,.013,49
-.123,.075999998,49
-.1,.028000001,49
-.145,.013,49
.056000002,.11,49
-.14300001,.013,49
-.133,.013,49
-.155,.029999999,49
-.089000002,.027000001,49
-.127,.027000001,49
-.052000001,.11,49
-.097999997,.028000001,49
-.17,.027000001,49
-.079999998,.066,49
-.075000003,.068999998,49
-.133,.013,49
-.204,.028000001,49
-.156,.028000001,49
.59299999,.00030000001,50
-1.41,.114,50
-.0099999998,.083333336,51
-.15000001,.0931677,51
-.55000001,.28061223,51
.13500001,.1163,52
.30000001,.23720001,52
2.3900001,.33160001,52
132.3,39.150002,52
-.0040000002,.0035999999,52
.56999999,.4668,52
1.65,.67860001,52
1.26,.58929998,52
.079999998,.0128,52
.0020000001,.0055999998,52
-1.2029999,28.41,52
.20999999,.050999999,52
.85000002,.1582,52
186.39999,12.65,52
.38,.0867,52
104.8,18.610001,52
.079999998,.0128,52
.57999998,.102,52
1.29,.1735,52
-.44999999,.1311,52
.87,.1327,52
.12,.0128,52
134.7,22.530001,52
.39399999,.077799998,52
20.32,39.84,52
.56999999,.30610001,52
-19.889999,28.98,52
1.59,.29080001,52
1.8200001,.1276,52
-.082000002,.094899997,52
.49000001,.1301,52
.30000001,.040800001,52
-4.5900002,31.91,52
-.0040000002,.00079999998,52
2.3399999,.5255,52
1.77,.2296,52
.026000001,.1028,52
.30000001,.23720001,52
-1.8150001,31.059999,52
1.3200001,.36480001,52
-.067000002,.1745,52
193.3,19.16,52
104,12.27,52
.20999999,.050999999,52
1.66,.3087,52
177.10001,22.02,52
115.8,43.93,52
1.35,.23469999,52
.199,.097000003,53
.53100002,.035,53
-.963,.19,53
.118,.074000001,53
.146,.142,53
-1.087,.168,53
.064999998,.14300001,53
.588,.030999999,53
.052999999,.074000001,53
.233,.037999999,53
.69599998,.039999999,53
-.039000001,.352,53
.56,.58899999,53
.169,.13500001,53
.221,.113,53
.699,.63599998,53
.29699999,.054000001,53
.375,.14399999,53
.28099999,.037,53
.1,.1,53
-1.0190001,.20200001,53
11139,3360,54
11015,1488,54
808,728,54
25973,3573,54
1769,364,54
28155,8871,54
1726,399,54
558,182,54
7426,1430,54
-437,701,54
1769,402,54
26190,6263,54
9318,3980,54
541,75,54
540,97,54
11089,1490,54
-388,983,54
-413,702,54
5409,1196,54
7494,2456,54
7494,1449,54
26190,3604,54
5439,1195,54
540,75,54
815,1737,54
25811,3568,54
11223,3352,54
5686,588,54
542,75,54
7380,1429,54
1726,399,54
-388,717,54
553,182,54
803,1738,54
5680,587,54
804,728,54
9155,3984,54
11089,2491,54
5686,1169,54
10948,1484,54
27869,8861,54
5652,585,54
1.1440001,.458,55
.24699999,.44100001,55
.061000001,.31200001,55
-.18700001,.63,55
.29899999,.32499999,55
.676,.58700001,55
1.008,.454,55
.62699997,.185,55
-.075000003,.315,55
.63300002,.71899998,55
.50700003,.61299998,55
.37400001,.42500001,55
1.454,.514,56
1.845,.38600001,56
3.378,1.697,56
.829,.495,56
2.1440001,.45899999,56
4.698,1.71,56
.704,.155,62
-.935,.204,62
-1.235,.182,62
-1.23,.185,62
1.209,.12899999,62
.93699998,.116,62
-.296,.122,62
-1.233,.184,62
1.221,.132,62
-1.232,.184,62
-1.2359999,.185,62
1.2309999,.133,62
.699,.154,62
-.145,.145,62
1.21,.12899999,62
1.219,.131,62
-.147,.146,62
1.22,.132,62
-.001,.0049999999,63
.76499999,.074000001,63
.001,.001,63
1.485,.12899999,63
.70300001,.037999999,63
.639,.041000001,63
-.34200001,.052999999,63
0,.001,63
0,.001,63
0,.001,63
.74400002,.064999998,63
-.022,.003,63
.60799998,.034000002,63
-.31600001,.054000001,63
.62400001,.037999999,63
-.015,.0060000001,63
.713,.041999999,63
.69700003,.035,63
-.022,.003,63
.001,.001,63
0,.001,63
.61299998,.035999998,63
.001,.001,63
-.097000003,.671,63
.001,.001,63
-.018999999,.003,63
0,.001,63
0,.001,63
.001,.001,63
-.018999999,.003,63
-.025,.003,63
0,.001,63
0,.0040000002,63
-.011,.0049999999,63
-.41800001,.048,63
-.435,.048999999,63
.001,.001,63
.69300002,.039000001,63
.088,.102,63
-.028999999,.057,66
-.029999999,.052000001,66
.097999997,.018999999,66
-.0099999998,.064000003,66
-.059999999,.052000001,66
-.017999999,.064000003,66
.107,.022,66
-.090999998,.028999999,66
-.082999997,.028000001,66
-.048999999,.043000001,66
-.086999997,.028999999,66
-.041999999,.043000001,66
-.061999999,.024,66
.107,.022,66
.107,.022,66
-.057,.048,66
.113,.022,66
-.07,.059999999,66
.102,.018999999,66
-.075999998,.028000001,66
.107,.022,66
-.064000003,.026000001,66
.102,.018999999,66
-.067000002,.024,66
-.066,.026000001,66
-.067000002,.026000001,66
.097999997,.02,66
-.037999999,.057,66
-.029999999,.050999999,66
-.055,.022,66
.113,.022,66
-.024,.074000001,66
-.039999999,.057999998,66
-.0070000002,.064000003,66
-.0089999996,.063000001,66
-.054000001,.046999998,66
-.022,.063000001,66
-.035,.056000002,66
-.071000002,.024,66
-.035999998,.057,66
.102,.018999999,66
-.023,.050000001,66
-.061999999,.059,66
.097999997,.018999999,66
.107,.022,66
-.052999999,.023,66
-.016000001,.072999999,66
-.050000001,.046999998,66
-.025,.052000001,66
.097999997,.018999999,66
-.018999999,.056000002,66
.107,.022,66
-.014,.063000001,66
-.054000001,.023,66
-.026000001,.071999997,66
-.064000003,.026000001,66
.106,.022,66
-.074000001,.027000001,66
.102,.018999999,66
-.048999999,.043000001,66
-.037,.072999999,66
-.075999998,.027000001,66
-.02,.071999997,66
-.075000003,.027000001,66
-.033,.052000001,66
-.046,.043000001,66
-.086999997,.028000001,66
-.029999999,.052000001,66
-.033,.072999999,66
.113,.022,66
-.018999999,.064000003,66
-.092,.028999999,66
-.057999998,.022,66
-.048999999,.057,66
.101,.018999999,66
.097999997,.018999999,66
-.045000002,.057999998,66
.097999997,.02,66
-.077,.027000001,66
-.048,.059999999,66
.101,.018999999,66
.101,.018999999,66
-.068000004,.048,66
-.075000003,.027000001,66
-.025,.074000001,66
-.025,.052000001,66
-.015,.050000001,66
-.082000002,.028000001,66
-.028999999,.063000001,66
-.022,.050999999,66
-.035,.059,66
-.055,.052000001,66
-.033,.052000001,66
-.064999998,.024,66
.097999997,.018999999,66
.098999999,.018999999,66
.103,.018999999,66
.106,.022,66
-.022,.072999999,66
2.1730001,.58899999,67
.75700003,.79400003,67
.565,.122,67
.101,.049699999,67
3.04,.86000001,67
14.25,6.2069998,67
-.199,3.529,67
1.304,.44600001,67
11.05,3.7320001,67
.61799997,.46900001,67
.20100001,.049699999,67
.71899998,.17,67
10.41,3.766,67
.025800001,.089100003,67
-33.870998,21.253,67
.168,.62099999,67
.249,.107,67
-6.4910002,4.1630001,67
1.615,6.119,67
1.298,1.12,67
7.7789998,2.665,67
-.20999999,.148,67
.292,.206,67
39.400002,24.950001,67
-.27599999,.162,67
1.2410001,.58999997,67
25.73,12.42,67
-.0288,.0084699998,67
2.027,1.039,67
.55199999,.162,67
12.34,5.395,67
2.335,.65899998,67
5.5019999,3.0999999,67
-.025,.0063200002,67
3.391,2.585,67
60.529999,32.91,67
32.981998,13.316,67
-45.57,54.259998,67
4.2059999,2.4300001,67
-4.8270001,5.1290002,67
15.81,10.47,67
1.119,.396,67
-.034000002,.064000003,67
21.059999,8.2159996,67
-.329,.133,67
-.639,.34900001,67
12.19,8.7559996,67
.0253,.0228,70
.0451,.0196,70
.037599999,.016799999,70
.0546,.017200001,70
.0449,.0197,70
.025,.0178,70
.041099999,.023,70
.0528,.0163,70
.031199999,.0177,70
.037900001,.0167,70
.0071999999,.0141,70
.033199999,.0222,70
.0284,.017000001,70
.058400001,.0217,70
.0447,.017999999,70
.053300001,.018300001,70
.359,.66299999,71
1.822,1.049,71
2.6620879,.63617098,71
2.862,.447,71
.27837911,.66485888,71
3.674,1.041,71
7.0029011,1.637987,71
.081,.78200001,71
-.29100001,.74800003,71
-.56199998,.63700002,71
-.1988477,.60146958,71
.66799998,.68699998,71
-.46799999,.59500003,71
1.845,.796,71
-.28,.78299999,71
3.27,.64499998,71
-.336,.59600002,71
2.7750001,.69700003,71
.963,.57800001,71
.1747992,.65394121,71
8.0979996,2.1719999,71
.34200001,.70599997,71
2.214,.55900002,71
3.1370001,.77600002,71
-.070347197,.60064119,71
2.572,.57499999,71
.24600001,.69599998,71
-2.026,1.627,71
.79301113,.5989874,71
.91399997,1.103,71
7.3049998,1.938,71
-.72799999,.63599998,71
-.156,.79500002,71
1.676,.82099998,71
1.048,1.1720001,71
3.23,.49900001,71
1.784,.954,71
3.102,.95300001,71
1.684,.55599999,71
1.092922,.61745471,71
-.0096000005,.017100001,72
.13150001,.0195,72
.18960001,.0195,72
.0132,.0057000001,72
.011,.0076000001,72
.084299996,.026000001,72
.142,.0153,72
.082800001,.0195,72
.0043000001,.0174,72
.1056,.0188,72
.114,.019400001,72
-.0098999999,.0186,72
.0033,.018200001,72
314,143,74
.079999998,.050000001,74
211,97,74
.079999998,.050000001,74
-.02,.039999999,74
101,90,74
2.3,1.21,74
-.1,.11,74
213,79,74
-.28,.13,74
134,83,74
-.02,.039999999,74
29,63,74
5.5999999,1.8099999,74
4.25,1.8200001,74
-.11,.079999998,74
293,130,74
320,123,74
5.0300002,1.92,74
302,166,74
416,138,74
-10,10,74
464,129,74
156,118,74
-33,21,74
-2,8,74
-7,10,74
157,67,74
1.04,1.1799999,74
-.22,.20999999,74
1.4400001,1.23,74
6.4000001,1.92,74
669,261,74
1.9400001,1.16,74
286,157,74
159,119,74
-.18000001,.1,74
-.11,.07,74
-.17299999,.28200001,75
.93800002,.052000001,75
.213,.208,75
-.479,.23999999,75
.61299998,.052000001,75
.87099999,.061000001,75
.138,.182,75
.93300003,.052000001,75
-.37599999,.23800001,75
-.396,.23800001,75
1.2,.041999999,75
-.178,.278,75
-.396,.23800001,75
.176,.20900001,75
1.128,.045000002,75
.62099999,.050999999,75
.94800001,.052000001,75
.76599997,.052000001,75
-.37599999,.23800001,75
.212,.208,75
-.33700001,.241,75
.77700001,.052999999,75
.14300001,.171,75
.17200001,.20900001,75
-.033,.017999999,76
-.0060000001,.071999997,76
-.029999999,.013,76
-.105,.23,76
-.69,.61900002,76
-.34099999,.22400001,76
-.16500001,1.169,76
-.026000001,.016000001,76
-.0071999999,.0088999998,76
-.0126,.0093999999,76
-.0219,.22400001,76
-1.646,.493,76
-.052000001,.015,76
-.27700001,.103,76
-.078000002,.018999999,76
-.103,.041999999,76
.00060000003,.0207,76
-.26899999,.15000001,76
-.021,.017999999,76
-.329,1.099,76
-.018999999,.016000001,76
.0051000002,.26100001,76
.026000001,.012,76
.0080000004,.02,76
-.16500001,.184,76
-.69,.54000002,76
-.87099999,.89600003,76
-.0057999999,.0089999996,76
-.0024000001,.185,76
-.88499999,.99900001,76
-.103,.030999999,76
.041999999,.013,76
-.00079999998,.021299999,76
-.101,.068999998,76
-.0040000002,.059999999,76
-.31200001,.208,76
-.020099999,.0088,76
-.029999999,.013,76
.11,.32699999,76
-.162,.26100001,76
-.035500001,.0109,76
.11,.28299999,76
.0070000002,.011,76
-.033,.017000001,76
.027000001,.012,76
-.206,.278,76
-.0019,.189,76
-.223,.079000004,76
-.041999999,.017000001,76
.0139,.30500001,76
-.16500001,.177,76
-.352,.23999999,76
-.0070000002,.088,76
-.0287,.22400001,76
-1.837,1.005,76
-.0233,.0099999998,76
-.026000001,.101,76
-.046,.074000001,76
-.18000001,.059,76
-.0148,.0071,76
.0070000002,.022,76
-.025,.014,76
-1.431,.69800001,76
-.023399999,.0083999997,76
-1.431,.72299999,76
.028000001,.013,76
-.0131,.0093,76
-.152,.227,76
.028000001,.015,76
.030999999,.014,76
-.352,.222,76
.25999999,.141,76
.034000002,.014,76
-.0103,.0073000002,76
.013,.012,76
-.329,1.0319999,76
.026000001,.017999999,76
-.078599997,.23,76
.00060000003,.28099999,76
.0070000002,.018999999,76
-.88499999,.79000002,76
-.0085000005,.016899999,76
-.028999999,.021,76
-.27700001,.077,76
-.020099999,.0088,76
-.0241,.0093999999,76
-.0031000001,.0098000001,76
.42399999,.713,76
-.046,.02,76
-.56099999,.22400001,76
.013,.016000001,76
.0173,.022,76
.013,.011,76
-.296,.26899999,76
-.26899999,.164,76
-.162,.226,76
.026000001,.018999999,76
-.026000001,.016000001,76
.02,.018999999,76
-.0070000002,.094999999,76
-.0071999999,.0088999998,76
-.34099999,.241,76
-.046999998,.017999999,76
.013,.021,76
-.011,.017999999,76
.026000001,.014,76
.034000002,.011,76
-1.035,.76499999,76
-.0119,.0097000003,76
-.021,.026000001,76
-.052000001,.017999999,76
.0178,.0262,76
-.026000001,.11,76
-.0031000001,.0098000001,76
-.40700001,.097000003,76
-.223,.090999998,76
-.028999999,.021,76
-.023399999,.0086000003,76
-1.077,.61000001,76
-.0241,.0093999999,76
-.101,.052999999,76
.0044,.0232,76
-.0089999996,.27500001,76
-.0087000001,.0298,76
-.13600001,.066,76
.0044,.26800001,76
-.029999999,.013,76
-.057999998,.018999999,76
-1.001,1.5039999,76
-.199,.033,76
-.056000002,.059999999,76
.0051000002,.0231,76
-1.205,.51599997,76
-.088,.28299999,76
-.40700001,.133,76
-.152,.26800001,76
-.212,.205,76
-.0126,.0093999999,76
-.0128,.0096000005,76
-.056000002,.125,76
-.15899999,.27500001,76
-1.001,1.2079999,76
.0173,.278,76
-.078000002,.023,76
-.16500001,1.274,76
-1.035,.852,76
-.0219,.0206,76
-.199,.068999998,76
.0139,.022600001,76
-.0143,.0071,76
-.0143,.0082999999,76
-.046,.017000001,76
-.0131,.0093,76
-.028999999,.017999999,76
-.00079999998,.22,76
-.56099999,.273,76
.027000001,.012,76
-.0148,.0076000001,76
-1.837,1.2079999,76
.041999999,.012,76
-.028999999,.023,76
-.041999999,.021,76
-.0233,.0099999998,76
-1.077,.398,76
-.046999998,.017999999,76
-.00019999999,.0207,76
.42399999,.66100001,76
-1.205,.69,76
-1.646,.44400001,76
.02,.016000001,76
-.0119,.0097000003,76
-.18000001,.059,76
-.0057999999,.0089999996,76
-1.899,.46900001,76
-.0087000001,.31200001,76
-.87099999,.68800002,76
-.018999999,.015,76
.0070000002,.011,76
-.0103,.0071,76
-.035500001,.0109,76
-.264,.18099999,76
-.029999999,.013,76
-.0151,.223,76
-.025,.013,76
-.0287,.0229,76
.021,.02,76
-.296,.30500001,76
-.00019999999,.28099999,76
-.15899999,.31099999,76
-.057999998,.022,76
-.046,.078000002,76
-.0126,.0113,76
-1.1849999,.61900002,76
-.13600001,.059,76
-.088,.31200001,76
-.31099999,.523,76
-.206,.264,76
-.0151,.22,76
-.31200001,.189,76
-.264,.185,76
-.0126,.0133,76
.015,.012,76
-1.1849999,.579,76
-1.899,.55500001,76
-.0128,.0096000005,76
.015,.0099999998,76
-.105,.28099999,76
.0080000004,.015,76
.25999999,.111,76
.021,.016000001,76
-.046999998,.018999999,76
.0178,.32699999,76
.030999999,.0099999998,76
-.0019,.017100001,76
-.0089999996,.0253,76
-.0060000001,.059,76
-.011,.022,76
-.046999998,.017999999,76
-.0024000001,.0167,76
-.212,.222,76
-.078599997,.28099999,76
-.0085000005,.184,76
-.31099999,.53799999,76
-.0040000002,.059999999,76
.041999999,.057999998,79
.033,.057,79
.015,.112,79
-.037999999,.086000003,79
.12,.104,79
.0020000001,.083999999,79
-.068000004,.056000002,79
-.013,.105,79
-.024,.097000003,79
.104,.081,79
-.021,.106,79
-.057999998,.057999998,79
.23899999,.097000003,79
.127,.082000002,79
-.068000004,.056000002,79
.192,.109,79
.138,.079000004,79
.066,.068999998,79
.093000002,.083999999,79
-.0040000002,.086000003,79
-.039000001,.086000003,79
.016000001,.139,79
.22400001,.098999999,79
.097999997,.082999997,79
3291.6179,554.44202,81
3603.4431,735.586,81
986.90002,372.5,81
2247.7981,487.448,81
-1397.2889,503.92899,81
125.51,392.51999,81
.066,.17299999,81
4426.3408,887.82202,81
.26699999,.233,81
.155,.317,81
.161,.19599999,81
-.20999999,.090000004,81
.30899999,.234,81
669.22998,528.15002,81
-593.57898,537.70898,81
.37,.17,81
142.62,386.31,81
.02,.18000001,81
544.38,227.28,81
1668.61,580.76001,81
1437.35,428.323,81
.041999999,.28200001,81
1518.524,643.13397,81
579.08002,236.99001,81
-.039999999,.31,81
.093000002,.206,81
370.92001,598.612,81
.17,.19,81
498.75,632.03998,81
.074000001,.149,81
1105.67,415.98001,81
184.35001,337.92001,81
672.29999,570.53998,81
.22,.090000004,81
.050000001,.208,81
2538.042,584.53302,81
-699.19098,497.90399,81
860.48999,312.06,81
2214.2,821.34998,81
1532.6851,834.552,81
-.052999999,.19499999,81
1922.594,819.86603,81
.16,.090000004,81
-2005.837,713.216,81
.47,.31,81
2252.2461,577.40002,81
.40000001,.16,81
.29100001,.107,81
.903,.28299999,81
-2117.3679,686.66498,81
2582.7209,467.75699,81
1522.693,494.181,81
.71899998,.30500001,81
1911.549,670.60699,81
2291.3469,526.771,81
3234.7029,755.94,81
1851.29,682.52002,81
-1024.363,401.116,81
1293.3199,581.33002,81
.66000003,.31999999,81
.55699998,.20900001,81
.773,.213,81
-923.98499,427.29999,81
2069.95,633.85999,81
1126.8199,488.89999,81
-900.26801,348.41,81
520.64001,261.64999,81
457.60999,782.78998,81
.33000001,.22,81
2199.3159,661.46503,81
.16599999,.205,81
94.349998,348.29001,81
.155,.25099999,81
1070.17,339.59,81
1773.061,471.17401,81
1775.345,415.552,81
-.032000002,.273,81
.086999997,.30199999,81
590.73999,302.34,81
1005.6,388.87,81
4921.1509,841.09003,81
-.0099999998,.18000001,81
3255.179,719.76898,81
.37400001,.25600001,81
.1,.30000001,81
1642.676,725.01001,81
1180.184,434.177,81
1236.26,464.14001,81
1189.603,742.28699,81
-.2,.050000001,82
.18000001,.07,82
.0099999998,.039999999,82
-.1,.039999999,82
.12,.059999999,82
-.1,.050000001,82
-.029999999,.07,82
.039999999,.16,82
.059999999,.14,82
-.07,.079999998,82
-.13,.039999999,82
.23,.11,82
.25,.090000004,82
-.1,.050000001,82
.18000001,.07,82
.212,.055,82
.2,.059999999,82
-.14,.050000001,82
.0099999998,.090000004,82
0,.14,82
.11,.046999998,82
-.1,.050000001,82
.02,.050000001,82
-.039999999,.059999999,82
.12,.07,82
-.2,.050000001,82
.02,.039999999,82
.02,.039999999,82
.112,.052000001,82
-.079999998,.07,82
.16,.050000001,82
-.059999999,.059999999,82
.27000001,.1,82
-.1,.050000001,82
.27000001,.1,82
-.034000002,.028999999,82
-.133,.041999999,82
-.02,.16,82
-.1,.050000001,82
-.13,.050000001,82
-.17,.039999999,82
.0099999998,.050000001,82
-.029999999,.07,82
-.13,.059999999,82
-.1,.050000001,82
.11,.046999998,82
.0099999998,.050000001,82
.19,.18000001,82
.029999999,.059999999,82
.25,.090000004,82
-.1,.039999999,82
.0099999998,.039999999,82
-.064000003,.078000002,82
.25999999,.12,82
.18000001,.07,82
.28,.059999999,82
.18000001,.059999999,82
-.20999999,.050000001,82
.079999998,.07,82
-.1,.07,82
.25,.090000004,82
-.133,.043000001,82
-.02,.07,82
.050000001,.050000001,82
-.1,.050000001,82
-.029999999,.029999999,82
-.20999999,.050000001,82
-.17,.059999999,82
-.050000001,.029999999,82
-.12,.050000001,82
.0099999998,.22,82
-.2,.050000001,82
.050000001,.23999999,82
.02,.050000001,82
-.14,.050000001,82
-.07,.1,82
-.20999999,.050000001,82
.0099999998,.050000001,82
.16,.090000004,82
-.079999998,.07,82
-.12,.1,82
-.07,.1,82
-.07,.1,82
-.050000001,.07,82
-.029999999,.07,82
.039999999,.16,82
.050000001,.23999999,82
-.2,.050000001,82
-.064000003,.078000002,82
-.23,.11,82
.0099999998,.039999999,82
-.064999998,.078000002,82
.20999999,.059999999,82
-.02,.16,82
-.039999999,.029999999,82
.20999999,.059999999,82
.192,.052999999,82
.02,.039999999,82
-.039999999,.039999999,82
.02,.07,82
.12,.07,82
.112,.052000001,82
.02,.14,82
-.2,.050000001,82
-.13,.059999999,82
.050000001,.23999999,82
0,.14,82
.090000004,.1,82
-.25,.16,82
-.1,.039999999,82
-.059999999,.079999998,82
-.1,.050000001,82
.27000001,.1,82
.0099999998,.14,82
-.068999998,.077,82
-.15000001,.050000001,82
.15000001,.090000004,82
.0099999998,.090000004,82
.23,.11,82
.02,.07,82
-.23999999,.079999998,82
-.11,.039999999,82
.11,.050000001,82
-.133,.041999999,82
-.16,.059999999,82
.02,.039999999,82
-.1,.050000001,82
.20999999,.050000001,82
.059999999,.14,82
.16,.090000004,82
.1,.11,82
-.059999999,.079999998,82
-.1,.050000001,82
.14,.090000004,82
.0099999998,.050000001,82
.15000001,.090000004,82
.029999999,.059999999,82
-.13,.059999999,82
.18000001,.19,82
-.050000001,.029999999,82
.0099999998,.050000001,82
-.18000001,.12,82
-.17,.12,82
-.14,.059999999,82
.14,.059999999,82
-.103,.046,82
-.07,.079999998,82
-.068999998,.077,82
.11,.050000001,82
-.13,.059999999,82
-.035999998,.030999999,82
.02,.039999999,82
-.1,.050000001,82
-.035,.028999999,82
.16,.090000004,82
-.1,.039999999,82
-.059999999,.059999999,82
.0099999998,.039999999,82
-.079999998,.16,82
-.132,.043000001,82
.16,.050000001,82
-.059999999,.029999999,82
.20999999,.050000001,82
-.029999999,.029999999,82
.20999999,.090000004,82
.050000001,.13,82
-.0099999998,.079999998,82
-.23,.11,82
-.0099999998,.14,82
.02,.050000001,82
.19,.2,82
.0099999998,.039999999,82
-.1,.050000001,82
.20999999,.059999999,82
.14,.090000004,82
.02,.039999999,82
-.1,.050000001,82
-.079999998,.079999998,82
-.07,.1,82
-.17,.059999999,82
.20200001,.052000001,82
-.12,.050000001,82
-.101,.046,82
-.2,.050000001,82
.20200001,.052000001,82
-.1,.039999999,82
.19,.059999999,82
.050000001,.13,82
.109,.052000001,82
-.14,.059999999,82
-.11,.050000001,82
.13,.050000001,82
.20999999,.059999999,82
-.17,.12,82
.02,.050000001,82
-.079999998,.079999998,82
0,.11,82
.12,.12,82
.27000001,.090000004,82
.14,.059999999,82
-.079999998,.12,82
.18000001,.059999999,82
0,.14,82
.0099999998,.039999999,82
0,.14,82
-.035999998,.030999999,82
.15000001,.090000004,82
-.12,.1,82
.11,.050000001,82
-.16,.059999999,82
.109,.052000001,82
-.07,.079999998,82
.16,.050000001,82
-.132,.043000001,82
.02,.050000001,82
-.2,.12,82
-.079999998,.16,82
-.133,.043000001,82
-.12,.050000001,82
-.064999998,.078000002,82
-.050000001,.029999999,82
.11,.050000001,82
.192,.052999999,82
-.12,.1,82
-.039999999,.029999999,82
.079999998,.07,82
-.2,.050000001,82
-.0099999998,.11,82
.0099999998,.079999998,82
-.034000002,.028999999,82
-.20999999,.050000001,82
-.2,.11,82
-.090000004,.1,82
.0099999998,.050000001,82
-.1,.050000001,82
.27000001,.1,82
-.11,.039999999,82
.02,.050000001,82
.079999998,.07,82
-.039999999,.079999998,82
-.17,.07,82
.1,.050000001,82
.212,.055,82
-.15000001,.059999999,82
-.11,.050000001,82
-.19,.050000001,82
.12,.050000001,82
.12,.039999999,82
-.039999999,.029999999,82
-.13,.050000001,82
-.103,.046,82
-.101,.046,82
.25999999,.12,82
-.029999999,.039999999,82
-.035,.028999999,82
.28,.059999999,82
-.079999998,.12,82
-.07,.079999998,82
-.1,.050000001,82
.25,.059999999,82
.16,.090000004,82
.16,.050000001,82
.12,.12,82
-.20999999,.050000001,82
-.07,.079999998,82
.050000001,.050000001,82
-.28999999,.050000001,82
-.25,.16,82
.27000001,.090000004,82
.090000004,.1,82
.14,.090000004,82
.1,.11,82
.16,.1,82
-.050000001,.029999999,82
.050000001,.23999999,82
-.093000002,.046999998,82
.25,.090000004,82
.20999999,.059999999,82
-.20999999,.050000001,82
-.029999999,.029999999,82
-.093000002,.046999998,82
-.25,.12,82
.20999999,.090000004,82
.18000001,.07,82
-.0294,.018999999,83
-.035,.012,83
-.034899998,.012,83
-.0057999999,.011,83
-.00777,.016000001,83
.0039599999,.011,83
.00379,.0099999998,83
-.0295,.0089999996,83
.00355,.011,83
.0122,.0087000001,83
.0036200001,.011,83
-.029999999,.018999999,83
.18000001,.0098000001,86
.14,.0041999999,86
-.0014,.001,86
.052000001,.0052,86
.14,.0066999998,86
.079999998,.0027999999,86
.15000001,.0087000001,86
.11,.0052999998,86
-.229,.016000001,86
.075999998,.0049999999,86
.11,.0052999998,86
.2,.0066,86
.075999998,.0049999999,86
.14,.0068999999,86
.15000001,.0055999998,86
-.198,.013,86
.18000001,.0098000001,86
-.222,.015,86
-.183,.018999999,86
-.175,.017999999,86
.14,.0057000001,86
.00042,.00042999999,86
.2,.0046999999,86
.18000001,.0086000003,86
-.0033,.0035000001,86
.17,.0062000002,86
.000017,.00034,86
-.169,.018999999,86
.14,.0066999998,86
.17,.0062000002,86
.00025000001,.00021,86
-.19499999,.018999999,86
-.0016,.0024999999,86
-.17200001,.017000001,86
-.0033,.0035000001,86
.15000001,.0094999997,86
-.0066,.0040000002,86
.15000001,.0094999997,86
-.199,.013,86
.028000001,.0051000002,86
.14,.0068999999,86
.035,.0031999999,86
-.183,.017000001,86
-.0066,.0040000002,86
-.00036000001,.00026999999,86
.052000001,.0052,86
.2,.0066,86
-.23199999,.016000001,86
.18000001,.0044999998,86
.055,.079999998,86
-.0016,.0024999999,86
.028000001,.0051000002,86
.14,.0057000001,86
.15000001,.0059000002,86
.11,.0027999999,86
-.0014,.001,86
-.193,.012,86
.27200001,.0144,91
.0041,.015799999,91
.25999999,.0103,91
.122,.0060000001,91
-.0162,-.015,91
.197,.0091000004,91
.26300001,.0107,91
.118,.0063,91
-.185,.118,91
.013,.018999999,91
.19599999,.0099999998,91
.2,.0107,91
.26100001,.0107,91
.0020000001,.017000001,91
.118,.0060999999,91
-.0137,.0146,91
.122,.0060000001,91
.0057999999,.016100001,91
.27900001,.015,91
-.023700001,.0156,91
.0068000001,.0098000001,91
-.19599999,.117,91
.204,.011,91
-.21600001,.117,91
.118,.0057000001,91
.0055,.0098999999,91
-.0112,.014,91
.26499999,.0108,91
.19400001,.0101,91
.122,.0060999999,91
.017999999,.162,91
-.068000004,.161,91
.26300001,.0106,91
.0057999999,.0088,91
-.148,.119,91
.27599999,.0145,91
.123,.0060000001,91
.0098000001,.0093,91
.19499999,.0098000001,91
.19599999,.0103,91
.0071999999,.0105,91
.20200001,.0111,91
-.0020000001,.15899999,91
-.25600001,.115,91
.0027000001,.019400001,91
.119,.0055,91
.0049999999,.016100001,91
-.0141,.0142,91
.27200001,.0143,91
.0088999998,.0188,91
-.082000002,.15899999,91
.118,.0059000002,91
.197,.0093999999,91
.0040000002,.0087000001,91
.0040000002,.0195,91
-.0198,.119,91
.26100001,.0105,91
-.017100001,.0147,91
.119,.0052999998,91
.20100001,.0109,91
7095,4180.1001,92
6127,2650.3,92
2561,2836.7,92
.01297,.01339,92
-.022290001,.01071,92
.13049001,.022399999,92
3858,4339,92
2120,901.35999,92
-3.0213001,.80601001,92
1105,1743,92
-.69277,1.6199,92
2437,2185,92
-3.2254,.91983002,92
-.01451,.0087099997,92
3.8099,.91944999,92
-3.4112999,.56597,92
.043650001,.01716,92
.058839999,.051520001,92
-.017519999,.01139,92
4208,1176.3,92
-7.3944001,2.1317999,92
.11069,.0242,92
.00059000001,.049830001,92
.0155,.00339,92
.14667,.02612,92
-3.5729001,.86276001,92
-.01306,.0055499999,92
9077,4160,92
.01743,.00337,92
.03441,.01081,92
-4.1540999,.88795,92
-1.8538001,.47398001,92
.01478,.01097,92
-.043269999,.01185,92
.30357,.41238001,92
1053,2106.3999,92
-.03889,.036320001,92
.04473,.02884,92
.01338,.0032800001,92
4039,1200.3,92
.01521,.00312,92
.00605,.0091800001,92
-6.2592001,2696.7,92
-5.4681001,1.7386,92
.086649999,.028750001,92
-.02672,.0198,92
-.00070999999,.01158,92
.01867,.0033400001,92
.041030001,.048530001,92
2766,1158,92
.023630001,.020719999,92
-.39655,.34639999,92
2576,821.40997,92
8200,1422.2,92
9.5956001,2.434,92
2493,8181,92
633.21997,821.81,92
-3.7600999,1.2174,92
.01151,.0073500001,92
5205,854.51001,92
-.03046,.0041299998,92
.053169999,.083049998,92
.02073,.00392,92
.098849997,.04659,92
7107,1211.1,92
.018519999,.0031399999,92
.071350001,.01519,92
-.03269,.0039499998,92
-2.6317,.74505001,92
1287,2165.6001,92
2917,861.63,92
.036189999,.0093700001,92
.02035,.0108,92
.07277,.054310001,92
-.02537,.0040199999,92
-1706,2899.6001,92
4352,1235.1,92
-.45221001,.40187001,92
-.03624,.01244,92
-426.14001,3902.7,92
.0049899998,.01018,92
-.046160001,.0059000002,92
-1.5423,.91420001,92
.01257,.0084300004,92
763.82001,1164.1,92
2094,3211,92
.10512,.032749999,92
-.050730001,.02431,92
.017689999,.00373,92
14545,8487.4004,92
.11174,.02139,92
.028820001,.018549999,92
-6309,2241.1001,92
.02482,.0050900001,92
-185.2,1782,92
-189.69,2459.2,92
-.01953,.00446,92
.10269,.0232,92
.01229,.0052299998,92
.12523,.04857,92
12651,5853.7998,92
4145,1262.5,92
-.000058000001,.0080399998,92
3849,4406.7002,92
.0076700002,.0044900002,92
-3.4762001,.71297002,92
3672,2017.5,92
.07536,.040070001,92
2208,856.64001,92
-4.6985998,.42024001,92
-.031660002,.0038099999,92
3350,1288.8,92
15568,8086.8999,92
2742,3647.1001,92
.11023,.02328,92
-4.5011001,.83758998,92
-2337,2315,92
8055,1480.7,92
-1425,1432.7,92
.17234001,.1006,92
-.031939998,.0040000002,92
-.67509001,.39758,92
.016109999,.054159999,92
7400,3291.5,92
-3.2595999,.99519998,92
4140,5762.5,92
.0085300002,.0073600002,92
.0071299998,.0098999999,92
7071,1071.3,92
-.04016,.047029998,92
.20192,.08055,92
5019,4260.2998,92
.081459999,.02485,92
-2.0353,1.6561,92
.01584,.0038399999,92
.01856,.0032200001,92
-5.8710999,1.8828,92
3606,1513,92
.02252,.024219999,92
.073239997,.062579997,92
6098,5555.1001,92
-49.362999,2115.1001,92
-.03277,.00655,92
-.03867,.0047200001,92
-.04064,.01957,92
1354,1531.7,92
.0033,.00722,92
.17051999,.43125999,92
2144,3016.5,92
-.023159999,.0086000003,92
.11816,.10285,92
-.022190001,.0039400002,92
5633,952.15997,92
-.44789001,.87722999,92
.10819,.023019999,92
.096330002,.025359999,92
-555.51001,2539.5,92
-1.7189,.84285998,92
1.9229,.53864998,92
4688,1199.9,92
3608,1466.4,92
-.032639999,.01554,92
8767,2576.8999,92
-1.2442,.37661001,92
3205,873.04999,92
-1.3543,.36873999,92
-384.66,2231.7,92
-.02781,.0038099999,92
.076310001,.087810002,92
-1.3559999,.37882,92
-.038380001,.01749,92
4764,2507.2,92
26374,11847,92
-2.8478999,.59732002,92
.32108,.17944001,92
.01184,.01487,92
.1079,.043949999,92
.03091,.00978,92
.20290001,.16083001,92
1029,5272.7998,92
6422,1072.2,92
-4.5100999,1.0053999,92
.10945,.041239999,92
.038929999,.017309999,92
.0024600001,.01015,92
-.040029999,.0059000002,92
-.03277,.0040500001,92
.08196,.033149999,92
-864.15997,2970.8999,92
-2661,2863.3,92
-.06044,.029650001,92
.019379999,.0032599999,92
4590,4116.5,92
-1363,2241.2,92
8278,1638.6,92
.085989997,.022360001,92
.45190001,.15324999,92
.14189,.027380001,92
-342.39001,1270.6,92
-.02225,.0097899996,92
.00182,.0058800001,92
-686.21997,3067.7,92
.018200001,.01032,92
-2.8712001,.3917,92
.0074999998,.01363,92
.28705001,.13947999,92
691.46002,1208.7,92
-.00244,.01216,92
21652,6666.7002,92
-1.9234999,.39548999,92
.070040002,1.2247,92
.01785,.0057799998,92
.09386,.083509997,92
2873,2442,92
.074440002,.050760001,92
842.26001,851.42999,92
1.423,.40400001,97
.067000002,.039999999,97
.91399997,.24600001,97
.096000001,.014,97
.067000002,.016000001,97
.094999999,.013,97
1.133,.42699999,97
.034000002,.039999999,97
1.436,.389,97
.043000001,.037,97
1.141,.426,97
-.133,.075999998,97
.068000004,.033,97
.92500001,.241,97
.212,.123,97
.105,.015,97
.045000002,.045000002,97
.071000002,.035,97
1.382,.41299999,97
.0099999998,.034000002,97
.101,.015,97
.097000003,.012,97
-.132,.075999998,97
.068000004,.082000002,97
1.39,.412,97
1.431,.403,97
.071000002,.012,97
.039000001,.026000001,97
.07,.056000002,97
.91100001,.24699999,97
.133,.039000001,98
.17399999,.034000002,98
.138,.109,98
.015,.0060000001,98
.108,.027000001,98
.071999997,.027000001,98
.13500001,.034000002,98
-.023,.025,98
.081,.0099999998,98
.0040000002,.0099999998,98
.20999999,.043000001,98
.032000002,.035999998,98
.014,.0089999996,98
.021,.0070000002,98
.0089999996,.0070000002,98
.045000002,.021,98
.13600001,.037999999,98
.16500001,.039999999,98
.222,.033,98
.0099999998,.0099999998,98
-.112,.15899999,98
.12800001,.050000001,98
.0099999998,.0080000004,98
.048,.035,98
.003,.0099999998,98
.059999999,.012,98
.162,.057999998,99
.114,.029999999,99
.093000002,.030999999,99
.056000002,.025,99
.117,.028000001,99
.108,.030999999,99
.15899999,.037,99
.113,.028999999,99
-.061000001,.028999999,100
-.090000004,.034000002,100
-.052000001,.028000001,100
-.11,.035,100
-.0040000002,.0049999999,101
-.056000002,.056000002,101
-.028999999,.016000001,101
-.014,.011,101
-.108,.035999998,101
-.032000002,.016000001,101
-.079000004,.055,101
.077,.039999999,101
.003,.011,101
-.02,.015,101
-.0060000001,.017999999,101
-.050000001,.041999999,101
-.011,.027000001,101
-.0099999998,.027000001,101
.039000001,.022,101
-.0040000002,.0049999999,101
.033,.037,101
-.0020000001,.025,101
-.097000003,.034000002,101
-.023,.0099999998,101
-.003,.017999999,101
-.124,.034000002,101
-.017999999,.055,101
.035,.035999998,101
-.122,.034000002,101
-.017999999,.017999999,101
-.075000003,.046999998,101
-.011,.017000001,101
-.082000002,.033,101
.017000001,.023,101
.044,.016000001,101
-.014,.037999999,101
-.028000001,.066,101
-.0040000002,.016000001,101
-.079999998,.027000001,101
.02,.029999999,101
-.050999999,.041000001,101
-.029999999,.013,101
.071000002,.018999999,101
-.048999999,.028000001,101
.0049999999,.034000002,101
-.0060000001,.016000001,101
.003,.029999999,101
.025,.017000001,101
-.029999999,.013,101
.057999998,.068999998,101
.043000001,.018999999,101
-.018999999,.012,101
-.017000001,.017000001,101
-.075000003,.026000001,101
.123,.046999998,101
-.029999999,.013,101
-.027000001,.012,101
-.057,.032000002,101
-.034000002,.013,101
-.017000001,.0089999996,101
.077,.037999999,101
.093000002,.059999999,101
.001,.017000001,101
-.0089999996,.013,101
-.054000001,.032000002,101
-.064999998,.034000002,101
17.796,7.0240002,101
-.012,.014,101
-.028000001,.013,101
-.021,.013,101
26.846001,6.8499999,101
-.066,.074000001,101
-.0080000004,.016000001,101
.067000002,.027000001,101
-.023,.0099999998,101
-.0049999999,.0049999999,101
-.068999998,.075000003,101
-.07,.025,101
-.034000002,.013,101
-.02,.014,101
-.109,.035999998,101
-.0089999996,.027000001,101
-.39199999,.241,102
-.62099999,.212,102
-.80900002,.34799999,102
-1.693,.55299997,102
-1.346,.336,102
-.71100003,.20999999,102
-2.2179999,.324,102
-1.584,.31900001,102
-.71200001,.20999999,102
-1.584,.31999999,102
.50599998,.206,103
.414,.17200001,103
.054000001,.025,103
.54100001,.212,103
.057,.024,103
.094999999,.022,103
.30199999,.16599999,103
.52399999,.168,103
.101,.014,103
.33399999,.182,103
.40700001,.193,103
.32699999,.162,103
.42199999,.197,103
.47299999,.16500001,103
.477,.212,103
.061000001,.024,103
.35299999,.19499999,103
.056000002,.059,103
.36000001,.189,103
.373,.175,103
.477,.204,103
.116,.017000001,103
.48100001,.211,103
.43000001,.207,103
.097000003,.014,103
.391,.18799999,103
.103,.014,103
.509,.213,103
.061000001,.024,103
.53799999,.177,103
.38800001,.17900001,103
.51700002,.168,103
.36300001,.18099999,103
.55299997,.168,103
.112,.017000001,103
.0049999999,.017999999,105
-.00019999999,.0022,105
.001,.012,105
-.088,.026000001,105
-.0040000002,.0023000001,105
.093000002,.046999998,105
.0099999998,.017999999,105
.0020000001,.0080000004,105
.19,.011,105
.28299999,.044,105
-.028000001,.016000001,105
-.0074999998,.0024999999,105
-.018999999,.011,105
-.0055999998,.0022,105
.090000004,.015,105
-.018999999,.0089999996,105
-.059,.030999999,105
-.0049999999,.018999999,105
.082000002,.0060000001,105
.0040000002,.032000002,105
.0027000001,.0023000001,105
-.012,.030999999,105
-.0081000002,.0035999999,105
-.0017,.0037,105
-.017999999,.016000001,105
-.0020000001,.0049999999,105
-.00079999998,.0035999999,105
.167,.02,105
-.025,.016000001,105
-.02,.0089999996,105
-.001,.0040000002,105
.21699999,.028000001,105
-.0055999998,.0024000001,105
-.011,.0070000002,105
-.0020000001,.02,105
.2176,.025,105
.0070000002,.017999999,105
.063000001,.017999999,105
-.016100001,.0066999998,105
.245,.027000001,105
.001,.017000001,105
-.0020000001,.001,105
-.0060999999,.0035999999,105
.001,.0040000002,105
-.0060999999,.0038000001,105
-.026000001,.016000001,105
-.0089999996,.0040000002,105
-.003,.0040000002,105
-.001,.012,105
.0040000002,.0070000002,105
-.0020000001,.0060000001,105
-.003,.0060000001,105
-.021,.0099999998,105
.00030000001,.0022,105
.0020000001,.029999999,105
-.118,.030999999,105
-.0080000004,.017000001,105
.097999997,.034000002,105
-.022,.015,105
-.001,.001,105
.0020000001,.016000001,105
-.014,.0049999999,105
-.0027000001,.001,105
-.0020000001,.02,105
.001,.017000001,105
-.0011,.0035999999,105
-.018999999,.015,105
.085000001,.016000001,105
.21699999,.028000001,105
.0070000002,.0060000001,105
-.0086000003,.0020999999,105
-.022,.043000001,106
-.092,.029999999,106
-.096000001,.030999999,106
.41,.77999997,106
-.094999999,.029999999,106
.021,.012,106
-.089000002,.029999999,106
-.082999997,.029999999,106
-.085000001,.030999999,106
-.014,.043000001,106
1.2,.50999999,106
-.039999999,.014,106
.032000002,.013,106
-.018999999,.043000001,106
-.041999999,.013,106
-.024,.041000001,106
1.08,.50999999,106
-.023,.041999999,106
.25,.77999997,106
.56999999,.22,106
-.092,.030999999,106
-.015,.041999999,106
.57999998,.22,106
-.023,.043000001,106
.28,.77999997,106
-.090000004,.030999999,106
.034000002,.013,106
-.02,.041000001,106
.023,.0099999998,106
1.26,.50999999,106
-.131,.0081200004,108
8.7670002,.39300001,108
-1.658,.045600001,108
4.0510001,.082900003,108
1.781,.059,108
-.123,.0143,108
-.015900001,.0106,108
-.25,.0151,108
-.235,.0146,108
.037700001,.0119,108
-.0091199996,.00342,108
6.6149998,.56300002,108
4.7360001,.124,108
-.0199,.0096500004,108
7.6430001,.212,108
-.0308,.0092399996,108
-.114,.0071100001,108
-.086599998,.0087400004,108
.0141,.0085399998,108
-.183,.0119,108
-.030200001,.0096800001,108
.0135,.0028899999,108
-.012,.029899999,108
-.023600001,.0031399999,108
3.9300001,.080899999,108
-.29300001,.0175,108
-.071599998,.0106,108
4.0469999,.082800001,108
-1.79,.176,108
4.7340002,.127,108
3.9319999,.080700003,108
-.25,.0155,108
6.783,.375,108
-.183,.0119,108
-.0114,.0034700001,108
-.087399997,.0086899996,108
-.114,.0071100001,108
-.50599998,.0298,108
.00648,.0040000002,108
-1.266,.0418,108
-1.346,.18099999,108
4.6290002,.123,108
.0052299998,.0074800001,108
.037700001,.0119,108
3.9319999,.080700003,108
-.123,.0101,108
-.12899999,.0081900004,108
-.038600001,.00324,108
-.0416,.0033,108
2.303,.097000003,108
.00648,.0040000002,108
-.0045799999,.0045699999,108
4.6240001,.123,108
4.6290002,.123,108
-.43200001,.00605,108
-.034600001,.0051799999,108
.026000001,.090999998,109
.46000001,.145,109
.20900001,.086000003,109
.22,.078000002,109
.15700001,.101,109
.23800001,.066,109
.083999999,.079999998,109
-.013,.123,109
-.075000003,.105,109
.15000001,.079999998,109
.19,.079999998,109
.287,.085000001,109
.131,.111,109
-.155,.106,109
-.27200001,.109,109
.37799999,.124,109
.013,.059,109
.183,.066,109
-.081,.12,109
.241,.064000003,109
.18000001,.074000001,109
.169,.079999998,109
.169,.094999999,109
.131,.101,109
-.064999998,.097000003,109
.061000001,.068999998,109
-.017000001,.142,109
.26100001,.064000003,109
.287,.068999998,109
-.162,.07,109
.043000001,.119,109
.28200001,.068999998,109
.25600001,.064999998,109
.26100001,.074000001,109
.23199999,.067000002,109
.234,.068999998,109
.61799997,.126,109
.234,.081,109
-.083999999,.106,109
.241,.056000002,109
.183,.102,109
-.090000004,.081,109
-.163,.12800001,109
.21600001,.066,109
.234,.067000002,109
